$date
	Fri Jul 17 17:53:54 2026
$end
$version
	Icarus Verilog
$end
$timescale
	1ps
$end
$scope module tb_streaming_dma_ip $end
$var wire 8 ! led_output [7:0] $end
$var wire 16 " dbg_xfer_count [15:0] $end
$var wire 1 # dbg_stream_valid $end
$var wire 1 $ dbg_stream_ready $end
$var wire 8 % dbg_stream_data [7:0] $end
$var wire 1 & dbg_amm_waitrequest $end
$var wire 1 ' dbg_amm_readdatavalid $end
$var wire 32 ( dbg_amm_readdata [31:0] $end
$var wire 1 ) dbg_amm_read $end
$var wire 8 * dbg_amm_address [7:0] $end
$var parameter 32 + ADDR_WIDTH $end
$var parameter 32 , CLK_PERIOD $end
$var parameter 32 - CONSUMER_STALL_PERIOD $end
$var parameter 32 . FIFO_DEPTH $end
$var parameter 32 / MEM_LATENCY $end
$var parameter 32 0 MEM_STALL_PERIOD $end
$var parameter 32 1 MEM_WORDS $end
$var reg 1 2 clk $end
$var reg 1 3 reset_n $end
$var integer 32 4 addr_rd [31:0] $end
$var integer 32 5 addr_wr [31:0] $end
$var integer 32 6 checked [31:0] $end
$var integer 32 7 errors [31:0] $end
$var integer 32 8 exp_rd [31:0] $end
$var integer 32 9 exp_wr [31:0] $end
$scope module dut $end
$var wire 1 2 clk $end
$var wire 8 : dbg_amm_address [7:0] $end
$var wire 1 ) dbg_amm_read $end
$var wire 32 ; dbg_amm_readdata [31:0] $end
$var wire 1 ' dbg_amm_readdatavalid $end
$var wire 1 & dbg_amm_waitrequest $end
$var wire 8 < dbg_stream_data [7:0] $end
$var wire 1 $ dbg_stream_ready $end
$var wire 1 # dbg_stream_valid $end
$var wire 1 3 reset_n $end
$var wire 1 = stream_valid $end
$var wire 1 > stream_ready $end
$var wire 8 ? stream_data [7:0] $end
$var wire 8 @ led_output [7:0] $end
$var wire 16 A dbg_xfer_count [15:0] $end
$var wire 1 B amm_waitrequest $end
$var wire 1 C amm_readdatavalid $end
$var wire 32 D amm_readdata [31:0] $end
$var wire 1 E amm_read $end
$var wire 8 F amm_address [7:0] $end
$var parameter 32 G ADDR_WIDTH $end
$var parameter 32 H CONSUMER_STALL_PERIOD $end
$var parameter 32 I MEM_LATENCY $end
$var parameter 32 J MEM_STALL_PERIOD $end
$var parameter 32 K MEM_WORDS $end
$scope module u_consumer $end
$var wire 1 2 clk $end
$var wire 1 3 reset_n $end
$var wire 1 = asi_valid $end
$var wire 8 L asi_data [7:0] $end
$var parameter 32 M STALL_PERIOD $end
$var reg 1 > asi_ready $end
$var reg 8 N led_output [7:0] $end
$var reg 16 O stall_ctr [15:0] $end
$var reg 16 P xfer_count [15:0] $end
$upscope $end
$scope module u_dma $end
$var wire 1 > aso_ready $end
$var wire 1 2 clk $end
$var wire 1 3 reset_n $end
$var wire 1 B amm_waitrequest $end
$var wire 1 C amm_readdatavalid $end
$var wire 32 Q amm_readdata [31:0] $end
$var parameter 65 R ADDR_MAX $end
$var parameter 32 S ADDR_WIDTH $end
$var parameter 2 T IDLE $end
$var parameter 2 U READ $end
$var parameter 2 V WAIT $end
$var parameter 2 W WRITE $end
$var reg 8 X amm_address [7:0] $end
$var reg 1 E amm_read $end
$var reg 8 Y aso_data [7:0] $end
$var reg 1 = aso_valid $end
$var reg 32 Z captured_data [31:0] $end
$var reg 8 [ read_addr [7:0] $end
$var reg 2 \ state [1:0] $end
$upscope $end
$scope module u_mem $end
$var wire 1 ] accept $end
$var wire 8 ^ address [7:0] $end
$var wire 1 2 clk $end
$var wire 1 E read $end
$var wire 1 3 reset_n $end
$var wire 1 B waitrequest $end
$var parameter 32 _ ADDR_WIDTH $end
$var parameter 32 ` DATA_WIDTH $end
$var parameter 32 a LATENCY $end
$var parameter 32 b MEM_WORDS $end
$var parameter 32 c STALL_PERIOD $end
$var parameter 32 d WORD_BITS $end
$var reg 8 e init_byte [7:0] $end
$var reg 32 f readdata [31:0] $end
$var reg 1 C readdatavalid $end
$var reg 16 g stall_ctr [15:0] $end
$var reg 1 B stalling $end
$var integer 32 h i [31:0] $end
$var integer 32 i j [31:0] $end
$upscope $end
$upscope $end
$upscope $end
$enddefinitions $end
$comment Show the parameter values. $end
$dumpall
b100 d
b100 c
b10000 b
b10 a
b100000 `
b1000 _
b11 W
b10 V
b1 U
b0 T
b1000 S
b111111 R
b11 M
b10000 K
b100 J
b10 I
b11 H
b1000 G
b10000 1
b100 0
b10 /
b10000 .
b11 -
b10100 ,
b1000 +
$end
#0
$dumpvars
b10 i
b10000 h
b0 g
b0 f
b11111 e
b0 ^
0]
b0 \
b0 [
b0 Z
b0 Y
b0 X
b0 Q
b0 P
b0 O
b0 N
b0 L
b0 F
0E
b0 D
0C
0B
b0 A
b0 @
b0 ?
1>
0=
b0 <
b0 ;
b0 :
b0 9
b0 8
b0 7
b0 6
b0 5
b0 4
03
02
b0 *
0)
b0 (
0'
0&
b0 %
1$
0#
b0 "
b0 !
$end
#10000
b10 i
12
#20000
02
#30000
b10 i
12
#40000
02
#50000
b10 i
12
#60000
02
#70000
b10 i
12
#80000
02
#90000
b1 \
b10 i
13
12
#100000
02
#110000
1]
1)
1E
b10 i
12
#120000
02
#130000
0]
b10100101010110101010010100000001 (
b10100101010110101010010100000001 ;
b10100101010110101010010100000001 D
b10100101010110101010010100000001 Q
b10100101010110101010010100000001 f
b1 g
b10 \
0)
0E
b1 5
b10 i
12
#140000
02
#150000
b10 i
12
#160000
02
#170000
1'
1C
b10 i
12
#180000
02
#190000
b11 \
b10100101010110101010010100000001 Z
0'
0C
b1 4
b1 9
b10 i
12
#200000
02
#210000
1#
1=
b1 %
b1 <
b1 ?
b1 L
b1 Y
b10 i
12
#220000
02
#230000
b1 \
b100 [
0#
0=
b1 O
b1 "
b1 A
b1 P
b1 !
b1 @
b1 N
b1 8
b1 6
b10 i
12
#240000
02
#250000
1]
1)
1E
b100 *
b100 :
b100 F
b100 X
b100 ^
b10 i
12
#260000
02
#270000
0]
b10 \
0)
0E
b10 g
b10 5
b10 i
12
#280000
02
#290000
b10 i
12
#300000
02
#310000
1'
1C
b10100101010110101010010100000011 (
b10100101010110101010010100000011 ;
b10100101010110101010010100000011 D
b10100101010110101010010100000011 Q
b10100101010110101010010100000011 f
b10 i
12
#320000
02
#330000
0'
0C
b11 \
b10100101010110101010010100000011 Z
b10 4
b10 9
b10 i
12
#340000
02
#350000
1#
1=
b11 %
b11 <
b11 ?
b11 L
b11 Y
b10 i
12
#360000
02
#370000
b10 O
b10 "
b10 A
b10 P
b11 !
b11 @
b11 N
b1 \
b1000 [
0#
0=
b10 8
b10 6
b10 i
12
#380000
02
#390000
1]
1)
1E
b1000 *
b1000 :
b1000 F
b1000 X
b1000 ^
b10 i
12
#400000
02
#410000
0]
b11 g
b10 \
0)
0E
b11 5
b10 i
12
#420000
02
#430000
b10 i
12
#440000
02
#450000
1'
1C
b10100101010110101010010100000101 (
b10100101010110101010010100000101 ;
b10100101010110101010010100000101 D
b10100101010110101010010100000101 Q
b10100101010110101010010100000101 f
b10 i
12
#460000
02
#470000
b11 \
b10100101010110101010010100000101 Z
0'
0C
b11 4
b11 9
b10 i
12
#480000
02
#490000
1#
1=
b101 %
b101 <
b101 ?
b101 L
b101 Y
b10 i
12
#500000
02
#510000
b1 \
b1100 [
0#
0=
b0 O
0$
0>
b11 "
b11 A
b11 P
b101 !
b101 @
b101 N
b11 8
b11 6
b10 i
12
#520000
02
#530000
1]
1$
1>
1)
1E
b1100 *
b1100 :
b1100 F
b1100 X
b1100 ^
b10 i
12
#540000
02
#550000
0]
b10 \
0)
0E
b0 g
1&
1B
b100 5
b10 i
12
#560000
02
#570000
0&
0B
b10 i
12
#580000
02
#590000
1'
1C
b10100101010110101010010100000111 (
b10100101010110101010010100000111 ;
b10100101010110101010010100000111 D
b10100101010110101010010100000111 Q
b10100101010110101010010100000111 f
b10 i
12
#600000
02
#610000
0'
0C
b11 \
b10100101010110101010010100000111 Z
b100 4
b100 9
b10 i
12
#620000
02
#630000
1#
1=
b111 %
b111 <
b111 ?
b111 L
b111 Y
b10 i
12
#640000
02
#650000
b1 O
b100 "
b100 A
b100 P
b111 !
b111 @
b111 N
b1 \
b10000 [
0#
0=
b100 8
b100 6
b10 i
12
#660000
02
#670000
1]
1)
1E
b10000 *
b10000 :
b10000 F
b10000 X
b10000 ^
b10 i
12
#680000
02
#690000
0]
b1 g
b10 \
0)
0E
b101 5
b10 i
12
#700000
02
#710000
b10 i
12
#720000
02
#730000
1'
1C
b10100101010110101010010100001001 (
b10100101010110101010010100001001 ;
b10100101010110101010010100001001 D
b10100101010110101010010100001001 Q
b10100101010110101010010100001001 f
b10 i
12
#740000
02
#750000
b11 \
b10100101010110101010010100001001 Z
0'
0C
b101 4
b101 9
b10 i
12
#760000
02
#770000
1#
1=
b1001 %
b1001 <
b1001 ?
b1001 L
b1001 Y
b10 i
12
#780000
02
#790000
b1 \
b10100 [
0#
0=
b10 O
b101 "
b101 A
b101 P
b1001 !
b1001 @
b1001 N
b101 8
b101 6
b10 i
12
#800000
02
#810000
1]
1)
1E
b10100 *
b10100 :
b10100 F
b10100 X
b10100 ^
b10 i
12
#820000
02
#830000
0]
b10 \
0)
0E
b10 g
b110 5
b10 i
12
#840000
02
#850000
b10 i
12
#860000
02
#870000
1'
1C
b10100101010110101010010100001011 (
b10100101010110101010010100001011 ;
b10100101010110101010010100001011 D
b10100101010110101010010100001011 Q
b10100101010110101010010100001011 f
b10 i
12
#880000
02
#890000
0'
0C
b11 \
b10100101010110101010010100001011 Z
b110 4
b110 9
b10 i
12
#900000
02
#910000
1#
1=
b1011 %
b1011 <
b1011 ?
b1011 L
b1011 Y
b10 i
12
#920000
02
#930000
b0 O
0$
0>
b110 "
b110 A
b110 P
b1011 !
b1011 @
b1011 N
b1 \
b11000 [
0#
0=
b110 8
b110 6
b10 i
12
#940000
02
#950000
1]
1)
1E
b11000 *
b11000 :
b11000 F
b11000 X
b11000 ^
1$
1>
b10 i
12
#960000
02
#970000
0]
b11 g
b10 \
0)
0E
b111 5
b10 i
12
#980000
02
#990000
b10 i
12
#1000000
02
#1010000
1'
1C
b10100101010110101010010100001101 (
b10100101010110101010010100001101 ;
b10100101010110101010010100001101 D
b10100101010110101010010100001101 Q
b10100101010110101010010100001101 f
b10 i
12
#1020000
02
#1030000
b11 \
b10100101010110101010010100001101 Z
0'
0C
b111 4
b111 9
b10 i
12
#1040000
02
#1050000
1#
1=
b1101 %
b1101 <
b1101 ?
b1101 L
b1101 Y
b10 i
12
#1060000
02
#1070000
b1 \
b11100 [
0#
0=
b1 O
b111 "
b111 A
b111 P
b1101 !
b1101 @
b1101 N
b111 8
b111 6
b10 i
12
#1080000
02
#1090000
1]
1)
1E
b11100 *
b11100 :
b11100 F
b11100 X
b11100 ^
b10 i
12
#1100000
02
#1110000
0]
b10 \
0)
0E
b0 g
1&
1B
b1000 5
b10 i
12
#1120000
02
#1130000
0&
0B
b10 i
12
#1140000
02
#1150000
1'
1C
b10100101010110101010010100001111 (
b10100101010110101010010100001111 ;
b10100101010110101010010100001111 D
b10100101010110101010010100001111 Q
b10100101010110101010010100001111 f
b10 i
12
#1160000
02
#1170000
0'
0C
b11 \
b10100101010110101010010100001111 Z
b1000 4
b1000 9
b10 i
12
#1180000
02
#1190000
1#
1=
b1111 %
b1111 <
b1111 ?
b1111 L
b1111 Y
b10 i
12
#1200000
02
#1210000
b10 O
b1000 "
b1000 A
b1000 P
b1111 !
b1111 @
b1111 N
b1 \
b100000 [
0#
0=
b1000 8
b1000 6
b10 i
12
#1220000
02
#1230000
1]
1)
1E
b100000 *
b100000 :
b100000 F
b100000 X
b100000 ^
b10 i
12
#1240000
02
#1250000
0]
b1 g
b10 \
0)
0E
b1001 5
b10 i
12
#1260000
02
#1270000
b10 i
12
#1280000
02
#1290000
1'
1C
b10100101010110101010010100010001 (
b10100101010110101010010100010001 ;
b10100101010110101010010100010001 D
b10100101010110101010010100010001 Q
b10100101010110101010010100010001 f
b10 i
12
#1300000
02
#1310000
b11 \
b10100101010110101010010100010001 Z
0'
0C
b1001 4
b1001 9
b10 i
12
#1320000
02
#1330000
1#
1=
b10001 %
b10001 <
b10001 ?
b10001 L
b10001 Y
b10 i
12
#1340000
02
#1350000
b1 \
b100100 [
0#
0=
b0 O
0$
0>
b1001 "
b1001 A
b1001 P
b10001 !
b10001 @
b10001 N
b1001 8
b1001 6
b10 i
12
#1360000
02
#1370000
1]
1$
1>
1)
1E
b100100 *
b100100 :
b100100 F
b100100 X
b100100 ^
b10 i
12
#1380000
02
#1390000
0]
b10 \
0)
0E
b10 g
b1010 5
b10 i
12
#1400000
02
#1410000
b10 i
12
#1420000
02
#1430000
1'
1C
b10100101010110101010010100010011 (
b10100101010110101010010100010011 ;
b10100101010110101010010100010011 D
b10100101010110101010010100010011 Q
b10100101010110101010010100010011 f
b10 i
12
#1440000
02
#1450000
0'
0C
b11 \
b10100101010110101010010100010011 Z
b1010 4
b1010 9
b10 i
12
#1460000
02
#1470000
1#
1=
b10011 %
b10011 <
b10011 ?
b10011 L
b10011 Y
b10 i
12
#1480000
02
#1490000
b1 O
b1010 "
b1010 A
b1010 P
b10011 !
b10011 @
b10011 N
b1 \
b101000 [
0#
0=
b1010 8
b1010 6
b10 i
12
#1500000
02
#1510000
1]
1)
1E
b101000 *
b101000 :
b101000 F
b101000 X
b101000 ^
b10 i
12
#1520000
02
#1530000
0]
b11 g
b10 \
0)
0E
b1011 5
b10 i
12
#1540000
02
#1550000
b10 i
12
#1560000
02
#1570000
1'
1C
b10100101010110101010010100010101 (
b10100101010110101010010100010101 ;
b10100101010110101010010100010101 D
b10100101010110101010010100010101 Q
b10100101010110101010010100010101 f
b10 i
12
#1580000
02
#1590000
b11 \
b10100101010110101010010100010101 Z
0'
0C
b1011 4
b1011 9
b10 i
12
#1600000
02
#1610000
1#
1=
b10101 %
b10101 <
b10101 ?
b10101 L
b10101 Y
b10 i
12
#1620000
02
#1630000
b1 \
b101100 [
0#
0=
b10 O
b1011 "
b1011 A
b1011 P
b10101 !
b10101 @
b10101 N
b1011 8
b1011 6
b10 i
12
#1640000
02
#1650000
1]
1)
1E
b101100 *
b101100 :
b101100 F
b101100 X
b101100 ^
b10 i
12
#1660000
02
#1670000
0]
b10 \
0)
0E
b0 g
1&
1B
b1100 5
b10 i
12
#1680000
02
#1690000
0&
0B
b10 i
12
#1700000
02
#1710000
1'
1C
b10100101010110101010010100010111 (
b10100101010110101010010100010111 ;
b10100101010110101010010100010111 D
b10100101010110101010010100010111 Q
b10100101010110101010010100010111 f
b10 i
12
#1720000
02
#1730000
0'
0C
b11 \
b10100101010110101010010100010111 Z
b1100 4
b1100 9
b10 i
12
#1740000
02
#1750000
1#
1=
b10111 %
b10111 <
b10111 ?
b10111 L
b10111 Y
b10 i
12
#1760000
02
#1770000
b0 O
0$
0>
b1100 "
b1100 A
b1100 P
b10111 !
b10111 @
b10111 N
b1 \
b110000 [
0#
0=
b1100 8
b1100 6
b10 i
12
#1780000
02
#1790000
1]
1)
1E
b110000 *
b110000 :
b110000 F
b110000 X
b110000 ^
1$
1>
b10 i
12
#1800000
02
#1810000
0]
b1 g
b10 \
0)
0E
b1101 5
b10 i
12
#1820000
02
#1830000
b10 i
12
#1840000
02
#1850000
1'
1C
b10100101010110101010010100011001 (
b10100101010110101010010100011001 ;
b10100101010110101010010100011001 D
b10100101010110101010010100011001 Q
b10100101010110101010010100011001 f
b10 i
12
#1860000
02
#1870000
b11 \
b10100101010110101010010100011001 Z
0'
0C
b1101 4
b1101 9
b10 i
12
#1880000
02
#1890000
1#
1=
b11001 %
b11001 <
b11001 ?
b11001 L
b11001 Y
b10 i
12
#1900000
02
#1910000
b1 \
b110100 [
0#
0=
b1 O
b1101 "
b1101 A
b1101 P
b11001 !
b11001 @
b11001 N
b1101 8
b1101 6
b10 i
12
#1920000
02
#1930000
1]
1)
1E
b110100 *
b110100 :
b110100 F
b110100 X
b110100 ^
b10 i
12
#1940000
02
#1950000
0]
b10 \
0)
0E
b10 g
b1110 5
b10 i
12
#1960000
02
#1970000
b10 i
12
#1980000
02
#1990000
1'
1C
b10100101010110101010010100011011 (
b10100101010110101010010100011011 ;
b10100101010110101010010100011011 D
b10100101010110101010010100011011 Q
b10100101010110101010010100011011 f
b10 i
12
#2000000
02
#2010000
0'
0C
b11 \
b10100101010110101010010100011011 Z
b1110 4
b1110 9
b10 i
12
#2020000
02
#2030000
1#
1=
b11011 %
b11011 <
b11011 ?
b11011 L
b11011 Y
b10 i
12
#2040000
02
#2050000
b10 O
b1110 "
b1110 A
b1110 P
b11011 !
b11011 @
b11011 N
b1 \
b111000 [
0#
0=
b1110 8
b1110 6
b10 i
12
#2060000
02
#2070000
1]
1)
1E
b111000 *
b111000 :
b111000 F
b111000 X
b111000 ^
b10 i
12
#2080000
02
#2090000
0]
b11 g
b10 \
0)
0E
b1111 5
b10 i
12
#2100000
02
#2110000
b10 i
12
#2120000
02
#2130000
1'
1C
b10100101010110101010010100011101 (
b10100101010110101010010100011101 ;
b10100101010110101010010100011101 D
b10100101010110101010010100011101 Q
b10100101010110101010010100011101 f
b10 i
12
#2140000
02
#2150000
b11 \
b10100101010110101010010100011101 Z
0'
0C
b1111 4
b1111 9
b10 i
12
#2160000
02
#2170000
1#
1=
b11101 %
b11101 <
b11101 ?
b11101 L
b11101 Y
b10 i
12
#2180000
02
#2190000
b1 \
b111100 [
0#
0=
b0 O
0$
0>
b1111 "
b1111 A
b1111 P
b11101 !
b11101 @
b11101 N
b1111 8
b1111 6
b10 i
12
#2200000
02
#2210000
1]
1$
1>
1)
1E
b111100 *
b111100 :
b111100 F
b111100 X
b111100 ^
b10 i
12
#2220000
02
#2230000
0]
b10 \
0)
0E
b0 g
1&
1B
b10000 5
b10 i
12
#2240000
02
#2250000
0&
0B
b10 i
12
#2260000
02
#2270000
1'
1C
b10100101010110101010010100011111 (
b10100101010110101010010100011111 ;
b10100101010110101010010100011111 D
b10100101010110101010010100011111 Q
b10100101010110101010010100011111 f
b10 i
12
#2280000
02
#2290000
0'
0C
b11 \
b10100101010110101010010100011111 Z
b10000 4
b10000 9
b10 i
12
#2300000
02
#2310000
1#
1=
b11111 %
b11111 <
b11111 ?
b11111 L
b11111 Y
b10 i
12
#2320000
02
#2330000
b1 O
b10000 "
b10000 A
b10000 P
b11111 !
b11111 @
b11111 N
b1 \
b0 [
0#
0=
b10000 8
b10000 6
b10 i
12
#2340000
02
#2350000
1]
1)
1E
b0 *
b0 :
b0 F
b0 X
b0 ^
b10 i
12
#2360000
02
#2370000
0]
b1 g
b10 \
0)
0E
b10001 5
b10 i
12
#2380000
02
#2390000
b10 i
12
#2400000
02
#2410000
1'
1C
b10100101010110101010010100000001 (
b10100101010110101010010100000001 ;
b10100101010110101010010100000001 D
b10100101010110101010010100000001 Q
b10100101010110101010010100000001 f
b10 i
12
#2420000
02
#2430000
b11 \
b10100101010110101010010100000001 Z
0'
0C
b10001 4
b10001 9
b10 i
12
#2440000
02
#2450000
1#
1=
b1 %
b1 <
b1 ?
b1 L
b1 Y
b10 i
12
#2460000
02
#2470000
b1 \
b100 [
0#
0=
b10 O
b10001 "
b10001 A
b10001 P
b1 !
b1 @
b1 N
b10001 8
b10001 6
b10 i
12
#2480000
02
#2490000
1]
1)
1E
b100 *
b100 :
b100 F
b100 X
b100 ^
b10 i
12
#2500000
02
#2510000
0]
b10 \
0)
0E
b10 g
b10010 5
b10 i
12
#2520000
02
#2530000
b10 i
12
#2540000
02
#2550000
1'
1C
b10100101010110101010010100000011 (
b10100101010110101010010100000011 ;
b10100101010110101010010100000011 D
b10100101010110101010010100000011 Q
b10100101010110101010010100000011 f
b10 i
12
#2560000
02
#2570000
0'
0C
b11 \
b10100101010110101010010100000011 Z
b10010 4
b10010 9
b10 i
12
#2580000
02
#2590000
1#
1=
b11 %
b11 <
b11 ?
b11 L
b11 Y
b10 i
12
#2600000
02
#2610000
b0 O
0$
0>
b10010 "
b10010 A
b10010 P
b11 !
b11 @
b11 N
b1 \
b1000 [
0#
0=
b10010 8
b10010 6
b10 i
12
#2620000
02
#2630000
1]
1)
1E
b1000 *
b1000 :
b1000 F
b1000 X
b1000 ^
1$
1>
b10 i
12
#2640000
02
#2650000
0]
b11 g
b10 \
0)
0E
b10011 5
b10 i
12
#2660000
02
#2670000
b10 i
12
#2680000
02
#2690000
1'
1C
b10100101010110101010010100000101 (
b10100101010110101010010100000101 ;
b10100101010110101010010100000101 D
b10100101010110101010010100000101 Q
b10100101010110101010010100000101 f
b10 i
12
#2700000
02
#2710000
b11 \
b10100101010110101010010100000101 Z
0'
0C
b10011 4
b10011 9
b10 i
12
#2720000
02
#2730000
1#
1=
b101 %
b101 <
b101 ?
b101 L
b101 Y
b10 i
12
#2740000
02
#2750000
b1 \
b1100 [
0#
0=
b1 O
b10011 "
b10011 A
b10011 P
b101 !
b101 @
b101 N
b10011 8
b10011 6
b10 i
12
#2760000
02
#2770000
1]
1)
1E
b1100 *
b1100 :
b1100 F
b1100 X
b1100 ^
b10 i
12
#2780000
02
#2790000
0]
b10 \
0)
0E
b0 g
1&
1B
b10100 5
b10 i
12
#2800000
02
#2810000
0&
0B
b10 i
12
#2820000
02
#2830000
1'
1C
b10100101010110101010010100000111 (
b10100101010110101010010100000111 ;
b10100101010110101010010100000111 D
b10100101010110101010010100000111 Q
b10100101010110101010010100000111 f
b10 i
12
#2840000
02
#2850000
0'
0C
b11 \
b10100101010110101010010100000111 Z
b10100 4
b10100 9
b10 i
12
#2860000
02
#2870000
1#
1=
b111 %
b111 <
b111 ?
b111 L
b111 Y
b10 i
12
#2880000
02
#2890000
b10 O
b10100 "
b10100 A
b10100 P
b111 !
b111 @
b111 N
b1 \
b10000 [
0#
0=
b10100 8
b10100 6
b10 i
12
#2900000
02
#2910000
1]
1)
1E
b10000 *
b10000 :
b10000 F
b10000 X
b10000 ^
b10 i
12
#2920000
02
#2930000
0]
b1 g
b10 \
0)
0E
b10101 5
b10 i
12
#2940000
02
#2950000
b10 i
12
#2960000
02
#2970000
1'
1C
b10100101010110101010010100001001 (
b10100101010110101010010100001001 ;
b10100101010110101010010100001001 D
b10100101010110101010010100001001 Q
b10100101010110101010010100001001 f
b10 i
12
#2980000
02
#2990000
b11 \
b10100101010110101010010100001001 Z
0'
0C
b10101 4
b10101 9
b10 i
12
#3000000
02
#3010000
1#
1=
b1001 %
b1001 <
b1001 ?
b1001 L
b1001 Y
b10 i
12
#3020000
02
#3030000
b1 \
b10100 [
0#
0=
b0 O
0$
0>
b10101 "
b10101 A
b10101 P
b1001 !
b1001 @
b1001 N
b10101 8
b10101 6
b10 i
12
#3040000
02
#3050000
1]
1$
1>
1)
1E
b10100 *
b10100 :
b10100 F
b10100 X
b10100 ^
b10 i
12
#3060000
02
#3070000
0]
b10 \
0)
0E
b10 g
b10110 5
b10 i
12
#3080000
02
#3090000
b10 i
12
#3100000
02
#3110000
1'
1C
b10100101010110101010010100001011 (
b10100101010110101010010100001011 ;
b10100101010110101010010100001011 D
b10100101010110101010010100001011 Q
b10100101010110101010010100001011 f
b10 i
12
#3120000
02
#3130000
0'
0C
b11 \
b10100101010110101010010100001011 Z
b10110 4
b10110 9
b10 i
12
#3140000
02
#3150000
1#
1=
b1011 %
b1011 <
b1011 ?
b1011 L
b1011 Y
b10 i
12
#3160000
02
#3170000
b1 O
b10110 "
b10110 A
b10110 P
b1011 !
b1011 @
b1011 N
b1 \
b11000 [
0#
0=
b10110 8
b10110 6
b10 i
12
#3180000
02
#3190000
1]
1)
1E
b11000 *
b11000 :
b11000 F
b11000 X
b11000 ^
b10 i
12
#3200000
02
#3210000
0]
b11 g
b10 \
0)
0E
b10111 5
b10 i
12
#3220000
02
#3230000
b10 i
12
#3240000
02
#3250000
1'
1C
b10100101010110101010010100001101 (
b10100101010110101010010100001101 ;
b10100101010110101010010100001101 D
b10100101010110101010010100001101 Q
b10100101010110101010010100001101 f
b10 i
12
#3260000
02
#3270000
b11 \
b10100101010110101010010100001101 Z
0'
0C
b10111 4
b10111 9
b10 i
12
#3280000
02
#3290000
1#
1=
b1101 %
b1101 <
b1101 ?
b1101 L
b1101 Y
b10 i
12
#3300000
02
#3310000
b1 \
b11100 [
0#
0=
b10 O
b10111 "
b10111 A
b10111 P
b1101 !
b1101 @
b1101 N
b10111 8
b10111 6
b10 i
12
#3320000
02
#3330000
1]
1)
1E
b11100 *
b11100 :
b11100 F
b11100 X
b11100 ^
b10 i
12
#3340000
02
#3350000
0]
b10 \
0)
0E
b0 g
1&
1B
b11000 5
b10 i
12
#3360000
02
#3370000
0&
0B
b10 i
12
#3380000
02
#3390000
1'
1C
b10100101010110101010010100001111 (
b10100101010110101010010100001111 ;
b10100101010110101010010100001111 D
b10100101010110101010010100001111 Q
b10100101010110101010010100001111 f
b10 i
12
#3400000
02
#3410000
0'
0C
b11 \
b10100101010110101010010100001111 Z
b11000 4
b11000 9
b10 i
12
#3420000
02
#3430000
1#
1=
b1111 %
b1111 <
b1111 ?
b1111 L
b1111 Y
b10 i
12
#3440000
02
#3450000
b0 O
0$
0>
b11000 "
b11000 A
b11000 P
b1111 !
b1111 @
b1111 N
b1 \
b100000 [
0#
0=
b11000 8
b11000 6
b10 i
12
#3460000
02
#3470000
1]
1)
1E
b100000 *
b100000 :
b100000 F
b100000 X
b100000 ^
1$
1>
b10 i
12
#3480000
02
#3490000
0]
b1 g
b10 \
0)
0E
b11001 5
b10 i
12
#3500000
02
#3510000
b10 i
12
#3520000
02
#3530000
1'
1C
b10100101010110101010010100010001 (
b10100101010110101010010100010001 ;
b10100101010110101010010100010001 D
b10100101010110101010010100010001 Q
b10100101010110101010010100010001 f
b10 i
12
#3540000
02
#3550000
b11 \
b10100101010110101010010100010001 Z
0'
0C
b11001 4
b11001 9
b10 i
12
#3560000
02
#3570000
1#
1=
b10001 %
b10001 <
b10001 ?
b10001 L
b10001 Y
b10 i
12
#3580000
02
#3590000
b1 \
b100100 [
0#
0=
b1 O
b11001 "
b11001 A
b11001 P
b10001 !
b10001 @
b10001 N
b11001 8
b11001 6
b10 i
12
#3600000
02
#3610000
1]
1)
1E
b100100 *
b100100 :
b100100 F
b100100 X
b100100 ^
b10 i
12
#3620000
02
#3630000
0]
b10 \
0)
0E
b10 g
b11010 5
b10 i
12
#3640000
02
#3650000
b10 i
12
#3660000
02
#3670000
1'
1C
b10100101010110101010010100010011 (
b10100101010110101010010100010011 ;
b10100101010110101010010100010011 D
b10100101010110101010010100010011 Q
b10100101010110101010010100010011 f
b10 i
12
#3680000
02
#3690000
0'
0C
b11 \
b10100101010110101010010100010011 Z
b11010 4
b11010 9
b10 i
12
#3700000
02
#3710000
1#
1=
b10011 %
b10011 <
b10011 ?
b10011 L
b10011 Y
b10 i
12
#3720000
02
#3730000
b10 O
b11010 "
b11010 A
b11010 P
b10011 !
b10011 @
b10011 N
b1 \
b101000 [
0#
0=
b11010 8
b11010 6
b10 i
12
#3740000
02
#3750000
1]
1)
1E
b101000 *
b101000 :
b101000 F
b101000 X
b101000 ^
b10 i
12
#3760000
02
#3770000
0]
b11 g
b10 \
0)
0E
b11011 5
b10 i
12
#3780000
02
#3790000
b10 i
12
#3800000
02
#3810000
1'
1C
b10100101010110101010010100010101 (
b10100101010110101010010100010101 ;
b10100101010110101010010100010101 D
b10100101010110101010010100010101 Q
b10100101010110101010010100010101 f
b10 i
12
#3820000
02
#3830000
b11 \
b10100101010110101010010100010101 Z
0'
0C
b11011 4
b11011 9
b10 i
12
#3840000
02
#3850000
1#
1=
b10101 %
b10101 <
b10101 ?
b10101 L
b10101 Y
b10 i
12
#3860000
02
#3870000
b1 \
b101100 [
0#
0=
b0 O
0$
0>
b11011 "
b11011 A
b11011 P
b10101 !
b10101 @
b10101 N
b11011 8
b11011 6
b10 i
12
#3880000
02
#3890000
1]
1$
1>
1)
1E
b101100 *
b101100 :
b101100 F
b101100 X
b101100 ^
b10 i
12
#3900000
02
#3910000
0]
b10 \
0)
0E
b0 g
1&
1B
b11100 5
b10 i
12
#3920000
02
#3930000
0&
0B
b10 i
12
#3940000
02
#3950000
1'
1C
b10100101010110101010010100010111 (
b10100101010110101010010100010111 ;
b10100101010110101010010100010111 D
b10100101010110101010010100010111 Q
b10100101010110101010010100010111 f
b10 i
12
#3960000
02
#3970000
0'
0C
b11 \
b10100101010110101010010100010111 Z
b11100 4
b11100 9
b10 i
12
#3980000
02
#3990000
1#
1=
b10111 %
b10111 <
b10111 ?
b10111 L
b10111 Y
b10 i
12
#4000000
02
#4010000
b1 O
b11100 "
b11100 A
b11100 P
b10111 !
b10111 @
b10111 N
b1 \
b110000 [
0#
0=
b11100 8
b11100 6
b10 i
12
#4020000
02
#4030000
1]
1)
1E
b110000 *
b110000 :
b110000 F
b110000 X
b110000 ^
b10 i
12
#4040000
02
#4050000
0]
b1 g
b10 \
0)
0E
b11101 5
b10 i
12
#4060000
02
#4070000
b10 i
12
#4080000
02
#4090000
1'
1C
b10100101010110101010010100011001 (
b10100101010110101010010100011001 ;
b10100101010110101010010100011001 D
b10100101010110101010010100011001 Q
b10100101010110101010010100011001 f
b10 i
12
#4100000
02
#4110000
b11 \
b10100101010110101010010100011001 Z
0'
0C
b11101 4
b11101 9
b10 i
12
#4120000
02
#4130000
1#
1=
b11001 %
b11001 <
b11001 ?
b11001 L
b11001 Y
b10 i
12
#4140000
02
#4150000
b1 \
b110100 [
0#
0=
b10 O
b11101 "
b11101 A
b11101 P
b11001 !
b11001 @
b11001 N
b11101 8
b11101 6
b10 i
12
#4160000
02
#4170000
1]
1)
1E
b110100 *
b110100 :
b110100 F
b110100 X
b110100 ^
b10 i
12
#4180000
02
#4190000
0]
b10 \
0)
0E
b10 g
b11110 5
b10 i
12
#4200000
02
#4210000
b10 i
12
#4220000
02
#4230000
1'
1C
b10100101010110101010010100011011 (
b10100101010110101010010100011011 ;
b10100101010110101010010100011011 D
b10100101010110101010010100011011 Q
b10100101010110101010010100011011 f
b10 i
12
#4240000
02
#4250000
0'
0C
b11 \
b10100101010110101010010100011011 Z
b11110 4
b11110 9
b10 i
12
#4260000
02
#4270000
1#
1=
b11011 %
b11011 <
b11011 ?
b11011 L
b11011 Y
b10 i
12
#4280000
02
#4290000
b0 O
0$
0>
b11110 "
b11110 A
b11110 P
b11011 !
b11011 @
b11011 N
b1 \
b111000 [
0#
0=
b11110 8
b11110 6
b10 i
12
#4300000
02
#4310000
1]
1)
1E
b111000 *
b111000 :
b111000 F
b111000 X
b111000 ^
1$
1>
b10 i
12
#4320000
02
#4330000
0]
b11 g
b10 \
0)
0E
b11111 5
b10 i
12
#4340000
02
#4350000
b10 i
12
#4360000
02
#4370000
1'
1C
b10100101010110101010010100011101 (
b10100101010110101010010100011101 ;
b10100101010110101010010100011101 D
b10100101010110101010010100011101 Q
b10100101010110101010010100011101 f
b10 i
12
#4380000
02
#4390000
b11 \
b10100101010110101010010100011101 Z
0'
0C
b11111 4
b11111 9
b10 i
12
#4400000
02
#4410000
1#
1=
b11101 %
b11101 <
b11101 ?
b11101 L
b11101 Y
b10 i
12
#4420000
02
#4430000
b1 \
b111100 [
0#
0=
b1 O
b11111 "
b11111 A
b11111 P
b11101 !
b11101 @
b11101 N
b11111 8
b11111 6
b10 i
12
#4440000
02
#4450000
1]
1)
1E
b111100 *
b111100 :
b111100 F
b111100 X
b111100 ^
b10 i
12
#4460000
02
#4470000
0]
b10 \
0)
0E
b0 g
1&
1B
b100000 5
b10 i
12
#4480000
02
#4490000
0&
0B
b10 i
12
#4500000
02
#4510000
1'
1C
b10100101010110101010010100011111 (
b10100101010110101010010100011111 ;
b10100101010110101010010100011111 D
b10100101010110101010010100011111 Q
b10100101010110101010010100011111 f
b10 i
12
#4520000
02
#4530000
0'
0C
b11 \
b10100101010110101010010100011111 Z
b100000 4
b100000 9
b10 i
12
#4540000
02
#4550000
1#
1=
b11111 %
b11111 <
b11111 ?
b11111 L
b11111 Y
b10 i
12
#4560000
02
#4570000
b10 O
b100000 "
b100000 A
b100000 P
b11111 !
b11111 @
b11111 N
b1 \
b0 [
0#
0=
b100000 8
b100000 6
b10 i
12
#4580000
02
#4590000
1]
1)
1E
b0 *
b0 :
b0 F
b0 X
b0 ^
b10 i
12
#4600000
02
#4610000
0]
b1 g
b10 \
0)
0E
b100001 5
b10 i
12
#4620000
02
#4630000
b10 i
12
#4640000
02
#4650000
1'
1C
b10100101010110101010010100000001 (
b10100101010110101010010100000001 ;
b10100101010110101010010100000001 D
b10100101010110101010010100000001 Q
b10100101010110101010010100000001 f
b10 i
12
#4660000
02
#4670000
b11 \
b10100101010110101010010100000001 Z
0'
0C
b100001 4
b100001 9
b10 i
12
#4680000
02
#4690000
1#
1=
b1 %
b1 <
b1 ?
b1 L
b1 Y
b10 i
12
#4700000
02
#4710000
b1 \
b100 [
0#
0=
b0 O
0$
0>
b100001 "
b100001 A
b100001 P
b1 !
b1 @
b1 N
b100001 8
b100001 6
b10 i
12
#4720000
02
#4730000
1]
1$
1>
1)
1E
b100 *
b100 :
b100 F
b100 X
b100 ^
b10 i
12
#4740000
02
#4750000
0]
b10 \
0)
0E
b10 g
b100010 5
b10 i
12
#4760000
02
#4770000
b10 i
12
#4780000
02
#4790000
1'
1C
b10100101010110101010010100000011 (
b10100101010110101010010100000011 ;
b10100101010110101010010100000011 D
b10100101010110101010010100000011 Q
b10100101010110101010010100000011 f
b10 i
12
#4800000
02
#4810000
0'
0C
b11 \
b10100101010110101010010100000011 Z
b100010 4
b100010 9
b10 i
12
#4820000
02
#4830000
1#
1=
b11 %
b11 <
b11 ?
b11 L
b11 Y
b10 i
12
#4840000
02
#4850000
b1 O
b100010 "
b100010 A
b100010 P
b11 !
b11 @
b11 N
b1 \
b1000 [
0#
0=
b100010 8
b100010 6
b10 i
12
#4860000
02
#4870000
1]
1)
1E
b1000 *
b1000 :
b1000 F
b1000 X
b1000 ^
b10 i
12
#4880000
02
#4890000
0]
b11 g
b10 \
0)
0E
b100011 5
b10 i
12
#4900000
02
#4910000
b10 i
12
#4920000
02
#4930000
1'
1C
b10100101010110101010010100000101 (
b10100101010110101010010100000101 ;
b10100101010110101010010100000101 D
b10100101010110101010010100000101 Q
b10100101010110101010010100000101 f
b10 i
12
#4940000
02
#4950000
b11 \
b10100101010110101010010100000101 Z
0'
0C
b100011 4
b100011 9
b10 i
12
#4960000
02
#4970000
1#
1=
b101 %
b101 <
b101 ?
b101 L
b101 Y
b10 i
12
#4980000
02
#4990000
b1 \
b1100 [
0#
0=
b10 O
b100011 "
b100011 A
b100011 P
b101 !
b101 @
b101 N
b100011 8
b100011 6
b10 i
12
#5000000
02
#5010000
1]
1)
1E
b1100 *
b1100 :
b1100 F
b1100 X
b1100 ^
b10 i
12
#5020000
02
#5030000
0]
b10 \
0)
0E
b0 g
1&
1B
b100100 5
b10 i
12
#5040000
02
#5050000
0&
0B
b10 i
12
#5060000
02
#5070000
1'
1C
b10100101010110101010010100000111 (
b10100101010110101010010100000111 ;
b10100101010110101010010100000111 D
b10100101010110101010010100000111 Q
b10100101010110101010010100000111 f
b10 i
12
#5080000
02
#5090000
0'
0C
b11 \
b10100101010110101010010100000111 Z
b100100 4
b100100 9
b10 i
12
#5100000
02
#5110000
1#
1=
b111 %
b111 <
b111 ?
b111 L
b111 Y
b10 i
12
#5120000
02
#5130000
b0 O
0$
0>
b100100 "
b100100 A
b100100 P
b111 !
b111 @
b111 N
b1 \
b10000 [
0#
0=
b100100 8
b100100 6
b10 i
12
#5140000
02
#5150000
1]
1)
1E
b10000 *
b10000 :
b10000 F
b10000 X
b10000 ^
1$
1>
b10 i
12
#5160000
02
#5170000
0]
b1 g
b10 \
0)
0E
b100101 5
b10 i
12
#5180000
02
#5190000
b10 i
12
#5200000
02
#5210000
1'
1C
b10100101010110101010010100001001 (
b10100101010110101010010100001001 ;
b10100101010110101010010100001001 D
b10100101010110101010010100001001 Q
b10100101010110101010010100001001 f
b10 i
12
#5220000
02
#5230000
b11 \
b10100101010110101010010100001001 Z
0'
0C
b100101 4
b100101 9
b10 i
12
#5240000
02
#5250000
1#
1=
b1001 %
b1001 <
b1001 ?
b1001 L
b1001 Y
b10 i
12
#5260000
02
#5270000
b1 \
b10100 [
0#
0=
b1 O
b100101 "
b100101 A
b100101 P
b1001 !
b1001 @
b1001 N
b100101 8
b100101 6
b10 i
12
#5280000
02
#5290000
1]
1)
1E
b10100 *
b10100 :
b10100 F
b10100 X
b10100 ^
b10 i
12
#5300000
02
#5310000
0]
b10 \
0)
0E
b10 g
b100110 5
b10 i
12
#5320000
02
#5330000
b10 i
12
#5340000
02
#5350000
1'
1C
b10100101010110101010010100001011 (
b10100101010110101010010100001011 ;
b10100101010110101010010100001011 D
b10100101010110101010010100001011 Q
b10100101010110101010010100001011 f
b10 i
12
#5360000
02
#5370000
0'
0C
b11 \
b10100101010110101010010100001011 Z
b100110 4
b100110 9
b10 i
12
#5380000
02
#5390000
1#
1=
b1011 %
b1011 <
b1011 ?
b1011 L
b1011 Y
b10 i
12
#5400000
02
#5410000
b10 O
b100110 "
b100110 A
b100110 P
b1011 !
b1011 @
b1011 N
b1 \
b11000 [
0#
0=
b100110 8
b100110 6
b10 i
12
#5420000
02
#5430000
1]
1)
1E
b11000 *
b11000 :
b11000 F
b11000 X
b11000 ^
b10 i
12
#5440000
02
#5450000
0]
b11 g
b10 \
0)
0E
b100111 5
b10 i
12
#5460000
02
#5470000
b10 i
12
#5480000
02
#5490000
1'
1C
b10100101010110101010010100001101 (
b10100101010110101010010100001101 ;
b10100101010110101010010100001101 D
b10100101010110101010010100001101 Q
b10100101010110101010010100001101 f
b10 i
12
#5500000
02
#5510000
b11 \
b10100101010110101010010100001101 Z
0'
0C
b100111 4
b100111 9
b10 i
12
#5520000
02
#5530000
1#
1=
b1101 %
b1101 <
b1101 ?
b1101 L
b1101 Y
b10 i
12
#5540000
02
#5550000
b1 \
b11100 [
0#
0=
b0 O
0$
0>
b100111 "
b100111 A
b100111 P
b1101 !
b1101 @
b1101 N
b100111 8
b100111 6
b10 i
12
#5560000
02
#5570000
1]
1$
1>
1)
1E
b11100 *
b11100 :
b11100 F
b11100 X
b11100 ^
b10 i
12
#5580000
02
#5590000
0]
b10 \
0)
0E
b0 g
1&
1B
b101000 5
b10 i
12
#5600000
02
#5610000
0&
0B
b10 i
12
#5620000
02
#5630000
1'
1C
b10100101010110101010010100001111 (
b10100101010110101010010100001111 ;
b10100101010110101010010100001111 D
b10100101010110101010010100001111 Q
b10100101010110101010010100001111 f
b10 i
12
#5640000
02
#5650000
0'
0C
b11 \
b10100101010110101010010100001111 Z
b101000 4
b101000 9
b10 i
12
#5660000
02
#5670000
1#
1=
b1111 %
b1111 <
b1111 ?
b1111 L
b1111 Y
b10 i
12
#5680000
02
#5690000
b1 O
b101000 "
b101000 A
b101000 P
b1111 !
b1111 @
b1111 N
b1 \
b100000 [
0#
0=
b101000 8
b101000 6
b10 i
12
#5700000
02
#5710000
1]
1)
1E
b100000 *
b100000 :
b100000 F
b100000 X
b100000 ^
b10 i
12
#5720000
02
#5730000
0]
b1 g
b10 \
0)
0E
b101001 5
b10 i
12
#5740000
02
#5750000
b10 i
12
#5760000
02
#5770000
1'
1C
b10100101010110101010010100010001 (
b10100101010110101010010100010001 ;
b10100101010110101010010100010001 D
b10100101010110101010010100010001 Q
b10100101010110101010010100010001 f
b10 i
12
#5780000
02
#5790000
b11 \
b10100101010110101010010100010001 Z
0'
0C
b101001 4
b101001 9
b10 i
12
#5800000
02
#5810000
1#
1=
b10001 %
b10001 <
b10001 ?
b10001 L
b10001 Y
b10 i
12
#5820000
02
#5830000
b1 \
b100100 [
0#
0=
b10 O
b101001 "
b101001 A
b101001 P
b10001 !
b10001 @
b10001 N
b101001 8
b101001 6
b10 i
12
#5840000
02
#5850000
1]
1)
1E
b100100 *
b100100 :
b100100 F
b100100 X
b100100 ^
b10 i
12
#5860000
02
#5870000
0]
b10 \
0)
0E
b10 g
b101010 5
b10 i
12
#5880000
02
#5890000
b10 i
12
#5900000
02
#5910000
1'
1C
b10100101010110101010010100010011 (
b10100101010110101010010100010011 ;
b10100101010110101010010100010011 D
b10100101010110101010010100010011 Q
b10100101010110101010010100010011 f
b10 i
12
#5920000
02
#5930000
0'
0C
b11 \
b10100101010110101010010100010011 Z
b101010 4
b101010 9
b10 i
12
#5940000
02
#5950000
1#
1=
b10011 %
b10011 <
b10011 ?
b10011 L
b10011 Y
b10 i
12
#5960000
02
#5970000
b0 O
0$
0>
b101010 "
b101010 A
b101010 P
b10011 !
b10011 @
b10011 N
b1 \
b101000 [
0#
0=
b101010 8
b101010 6
b10 i
12
#5980000
02
#5990000
1]
1)
1E
b101000 *
b101000 :
b101000 F
b101000 X
b101000 ^
1$
1>
b10 i
12
#6000000
02
#6010000
0]
b11 g
b10 \
0)
0E
b101011 5
b10 i
12
#6020000
02
#6030000
b10 i
12
#6040000
02
#6050000
1'
1C
b10100101010110101010010100010101 (
b10100101010110101010010100010101 ;
b10100101010110101010010100010101 D
b10100101010110101010010100010101 Q
b10100101010110101010010100010101 f
b10 i
12
#6060000
02
#6070000
b11 \
b10100101010110101010010100010101 Z
0'
0C
b101011 4
b101011 9
b10 i
12
#6080000
02
#6090000
1#
1=
b10101 %
b10101 <
b10101 ?
b10101 L
b10101 Y
b10 i
12
#6100000
02
#6110000
b1 \
b101100 [
0#
0=
b1 O
b101011 "
b101011 A
b101011 P
b10101 !
b10101 @
b10101 N
b101011 8
b101011 6
b10 i
12
#6120000
02
#6130000
1]
1)
1E
b101100 *
b101100 :
b101100 F
b101100 X
b101100 ^
b10 i
12
#6140000
02
#6150000
0]
b10 \
0)
0E
b0 g
1&
1B
b101100 5
b10 i
12
#6160000
02
#6170000
0&
0B
b10 i
12
#6180000
02
#6190000
1'
1C
b10100101010110101010010100010111 (
b10100101010110101010010100010111 ;
b10100101010110101010010100010111 D
b10100101010110101010010100010111 Q
b10100101010110101010010100010111 f
b10 i
12
#6200000
02
#6210000
0'
0C
b11 \
b10100101010110101010010100010111 Z
b101100 4
b101100 9
b10 i
12
#6220000
02
#6230000
1#
1=
b10111 %
b10111 <
b10111 ?
b10111 L
b10111 Y
b10 i
12
#6240000
02
#6250000
b10 O
b101100 "
b101100 A
b101100 P
b10111 !
b10111 @
b10111 N
b1 \
b110000 [
0#
0=
b101100 8
b101100 6
b10 i
12
#6260000
02
#6270000
1]
1)
1E
b110000 *
b110000 :
b110000 F
b110000 X
b110000 ^
b10 i
12
#6280000
02
#6290000
0]
b1 g
b10 \
0)
0E
b101101 5
b10 i
12
#6300000
02
#6310000
b10 i
12
#6320000
02
#6330000
1'
1C
b10100101010110101010010100011001 (
b10100101010110101010010100011001 ;
b10100101010110101010010100011001 D
b10100101010110101010010100011001 Q
b10100101010110101010010100011001 f
b10 i
12
#6340000
02
#6350000
b11 \
b10100101010110101010010100011001 Z
0'
0C
b101101 4
b101101 9
b10 i
12
#6360000
02
#6370000
1#
1=
b11001 %
b11001 <
b11001 ?
b11001 L
b11001 Y
b10 i
12
#6380000
02
#6390000
b1 \
b110100 [
0#
0=
b0 O
0$
0>
b101101 "
b101101 A
b101101 P
b11001 !
b11001 @
b11001 N
b101101 8
b101101 6
b10 i
12
#6400000
02
#6410000
1]
1$
1>
1)
1E
b110100 *
b110100 :
b110100 F
b110100 X
b110100 ^
b10 i
12
#6420000
02
#6430000
0]
b10 \
0)
0E
b10 g
b101110 5
b10 i
12
#6440000
02
#6450000
b10 i
12
#6460000
02
#6470000
1'
1C
b10100101010110101010010100011011 (
b10100101010110101010010100011011 ;
b10100101010110101010010100011011 D
b10100101010110101010010100011011 Q
b10100101010110101010010100011011 f
b10 i
12
#6480000
02
#6490000
0'
0C
b11 \
b10100101010110101010010100011011 Z
b101110 4
b101110 9
b10 i
12
#6500000
02
#6510000
1#
1=
b11011 %
b11011 <
b11011 ?
b11011 L
b11011 Y
b10 i
12
#6520000
02
#6530000
b1 O
b101110 "
b101110 A
b101110 P
b11011 !
b11011 @
b11011 N
b1 \
b111000 [
0#
0=
b101110 8
b101110 6
b10 i
12
#6540000
02
#6550000
1]
1)
1E
b111000 *
b111000 :
b111000 F
b111000 X
b111000 ^
b10 i
12
#6560000
02
#6570000
0]
b11 g
b10 \
0)
0E
b101111 5
b10 i
12
#6580000
02
#6590000
b10 i
12
#6600000
02
#6610000
1'
1C
b10100101010110101010010100011101 (
b10100101010110101010010100011101 ;
b10100101010110101010010100011101 D
b10100101010110101010010100011101 Q
b10100101010110101010010100011101 f
b10 i
12
#6620000
02
#6630000
b11 \
b10100101010110101010010100011101 Z
0'
0C
b101111 4
b101111 9
b10 i
12
#6640000
02
#6650000
1#
1=
b11101 %
b11101 <
b11101 ?
b11101 L
b11101 Y
b10 i
12
#6660000
02
#6670000
b1 \
b111100 [
0#
0=
b10 O
b101111 "
b101111 A
b101111 P
b11101 !
b11101 @
b11101 N
b101111 8
b101111 6
b10 i
12
#6680000
02
#6690000
1]
1)
1E
b111100 *
b111100 :
b111100 F
b111100 X
b111100 ^
b10 i
12
#6700000
02
#6710000
0]
b10 \
0)
0E
b0 g
1&
1B
b110000 5
b10 i
12
#6720000
02
#6730000
0&
0B
b10 i
12
#6740000
02
#6750000
1'
1C
b10100101010110101010010100011111 (
b10100101010110101010010100011111 ;
b10100101010110101010010100011111 D
b10100101010110101010010100011111 Q
b10100101010110101010010100011111 f
b10 i
12
#6760000
02
#6770000
0'
0C
b11 \
b10100101010110101010010100011111 Z
b110000 4
b110000 9
b10 i
12
#6780000
02
#6790000
1#
1=
b11111 %
b11111 <
b11111 ?
b11111 L
b11111 Y
b10 i
12
#6800000
02
#6810000
b0 O
0$
0>
b110000 "
b110000 A
b110000 P
b11111 !
b11111 @
b11111 N
b1 \
b0 [
0#
0=
b110000 8
b110000 6
b10 i
12
#6820000
02
#6830000
1]
1)
1E
b0 *
b0 :
b0 F
b0 X
b0 ^
1$
1>
b10 i
12
#6840000
02
#6850000
0]
b1 g
b10 \
0)
0E
b110001 5
b10 i
12
#6860000
02
#6870000
b10 i
12
#6880000
02
#6890000
1'
1C
b10100101010110101010010100000001 (
b10100101010110101010010100000001 ;
b10100101010110101010010100000001 D
b10100101010110101010010100000001 Q
b10100101010110101010010100000001 f
b10 i
12
#6900000
02
#6910000
b11 \
b10100101010110101010010100000001 Z
0'
0C
b110001 4
b110001 9
b10 i
12
#6920000
02
#6930000
1#
1=
b1 %
b1 <
b1 ?
b1 L
b1 Y
b10 i
12
#6940000
02
#6950000
b1 \
b100 [
0#
0=
b1 O
b110001 "
b110001 A
b110001 P
b1 !
b1 @
b1 N
b110001 8
b110001 6
b10 i
12
#6960000
02
#6970000
1]
1)
1E
b100 *
b100 :
b100 F
b100 X
b100 ^
b10 i
12
#6980000
02
#6990000
0]
b10 \
0)
0E
b10 g
b110010 5
b10 i
12
#7000000
02
#7010000
b10 i
12
#7020000
02
#7030000
1'
1C
b10100101010110101010010100000011 (
b10100101010110101010010100000011 ;
b10100101010110101010010100000011 D
b10100101010110101010010100000011 Q
b10100101010110101010010100000011 f
b10 i
12
#7040000
02
#7050000
0'
0C
b11 \
b10100101010110101010010100000011 Z
b110010 4
b110010 9
b10 i
12
#7060000
02
#7070000
1#
1=
b11 %
b11 <
b11 ?
b11 L
b11 Y
b10 i
12
#7080000
02
#7090000
b10 O
b110010 "
b110010 A
b110010 P
b11 !
b11 @
b11 N
b1 \
b1000 [
0#
0=
b110010 8
b110010 6
b10 i
12
#7100000
02
#7110000
1]
1)
1E
b1000 *
b1000 :
b1000 F
b1000 X
b1000 ^
b10 i
12
#7120000
02
#7130000
0]
b11 g
b10 \
0)
0E
b110011 5
b10 i
12
#7140000
02
#7150000
b10 i
12
#7160000
02
#7170000
1'
1C
b10100101010110101010010100000101 (
b10100101010110101010010100000101 ;
b10100101010110101010010100000101 D
b10100101010110101010010100000101 Q
b10100101010110101010010100000101 f
b10 i
12
#7180000
02
#7190000
b11 \
b10100101010110101010010100000101 Z
0'
0C
b110011 4
b110011 9
b10 i
12
#7200000
02
#7210000
1#
1=
b101 %
b101 <
b101 ?
b101 L
b101 Y
b10 i
12
#7220000
02
#7230000
b1 \
b1100 [
0#
0=
b0 O
0$
0>
b110011 "
b110011 A
b110011 P
b101 !
b101 @
b101 N
b110011 8
b110011 6
b10 i
12
#7240000
02
#7250000
1]
1$
1>
1)
1E
b1100 *
b1100 :
b1100 F
b1100 X
b1100 ^
b10 i
12
#7260000
02
#7270000
0]
b10 \
0)
0E
b0 g
1&
1B
b110100 5
b10 i
12
#7280000
02
#7290000
0&
0B
b10 i
12
#7300000
02
#7310000
1'
1C
b10100101010110101010010100000111 (
b10100101010110101010010100000111 ;
b10100101010110101010010100000111 D
b10100101010110101010010100000111 Q
b10100101010110101010010100000111 f
b10 i
12
#7320000
02
#7330000
0'
0C
b11 \
b10100101010110101010010100000111 Z
b110100 4
b110100 9
b10 i
12
#7340000
02
#7350000
1#
1=
b111 %
b111 <
b111 ?
b111 L
b111 Y
b10 i
12
#7360000
02
#7370000
b1 O
b110100 "
b110100 A
b110100 P
b111 !
b111 @
b111 N
b1 \
b10000 [
0#
0=
b110100 8
b110100 6
b10 i
12
#7380000
02
#7390000
1]
1)
1E
b10000 *
b10000 :
b10000 F
b10000 X
b10000 ^
b10 i
12
#7400000
02
#7410000
0]
b1 g
b10 \
0)
0E
b110101 5
b10 i
12
#7420000
02
#7430000
b10 i
12
#7440000
02
#7450000
1'
1C
b10100101010110101010010100001001 (
b10100101010110101010010100001001 ;
b10100101010110101010010100001001 D
b10100101010110101010010100001001 Q
b10100101010110101010010100001001 f
b10 i
12
#7460000
02
#7470000
b11 \
b10100101010110101010010100001001 Z
0'
0C
b110101 4
b110101 9
b10 i
12
#7480000
02
#7490000
1#
1=
b1001 %
b1001 <
b1001 ?
b1001 L
b1001 Y
b10 i
12
#7500000
02
#7510000
b1 \
b10100 [
0#
0=
b10 O
b110101 "
b110101 A
b110101 P
b1001 !
b1001 @
b1001 N
b110101 8
b110101 6
b10 i
12
#7520000
02
#7530000
1]
1)
1E
b10100 *
b10100 :
b10100 F
b10100 X
b10100 ^
b10 i
12
#7540000
02
#7550000
0]
b10 \
0)
0E
b10 g
b110110 5
b10 i
12
#7560000
02
#7570000
b10 i
12
#7580000
02
#7590000
1'
1C
b10100101010110101010010100001011 (
b10100101010110101010010100001011 ;
b10100101010110101010010100001011 D
b10100101010110101010010100001011 Q
b10100101010110101010010100001011 f
b10 i
12
#7600000
02
#7610000
0'
0C
b11 \
b10100101010110101010010100001011 Z
b110110 4
b110110 9
b10 i
12
#7620000
02
#7630000
1#
1=
b1011 %
b1011 <
b1011 ?
b1011 L
b1011 Y
b10 i
12
#7640000
02
#7650000
b0 O
0$
0>
b110110 "
b110110 A
b110110 P
b1011 !
b1011 @
b1011 N
b1 \
b11000 [
0#
0=
b110110 8
b110110 6
b10 i
12
#7660000
02
#7670000
1]
1)
1E
b11000 *
b11000 :
b11000 F
b11000 X
b11000 ^
1$
1>
b10 i
12
#7680000
02
#7690000
0]
b11 g
b10 \
0)
0E
b110111 5
b10 i
12
#7700000
02
#7710000
b10 i
12
#7720000
02
#7730000
1'
1C
b10100101010110101010010100001101 (
b10100101010110101010010100001101 ;
b10100101010110101010010100001101 D
b10100101010110101010010100001101 Q
b10100101010110101010010100001101 f
b10 i
12
#7740000
02
#7750000
b11 \
b10100101010110101010010100001101 Z
0'
0C
b110111 4
b110111 9
b10 i
12
#7760000
02
#7770000
1#
1=
b1101 %
b1101 <
b1101 ?
b1101 L
b1101 Y
b10 i
12
#7780000
02
#7790000
b1 \
b11100 [
0#
0=
b1 O
b110111 "
b110111 A
b110111 P
b1101 !
b1101 @
b1101 N
b110111 8
b110111 6
b10 i
12
#7800000
02
#7810000
1]
1)
1E
b11100 *
b11100 :
b11100 F
b11100 X
b11100 ^
b10 i
12
#7820000
02
#7830000
0]
b10 \
0)
0E
b0 g
1&
1B
b111000 5
b10 i
12
#7840000
02
#7850000
0&
0B
b10 i
12
#7860000
02
#7870000
1'
1C
b10100101010110101010010100001111 (
b10100101010110101010010100001111 ;
b10100101010110101010010100001111 D
b10100101010110101010010100001111 Q
b10100101010110101010010100001111 f
b10 i
12
#7880000
02
#7890000
0'
0C
b11 \
b10100101010110101010010100001111 Z
b111000 4
b111000 9
b10 i
12
#7900000
02
#7910000
1#
1=
b1111 %
b1111 <
b1111 ?
b1111 L
b1111 Y
b10 i
12
#7920000
02
#7930000
b10 O
b111000 "
b111000 A
b111000 P
b1111 !
b1111 @
b1111 N
b1 \
b100000 [
0#
0=
b111000 8
b111000 6
b10 i
12
#7940000
02
#7950000
1]
1)
1E
b100000 *
b100000 :
b100000 F
b100000 X
b100000 ^
b10 i
12
#7960000
02
#7970000
0]
b1 g
b10 \
0)
0E
b111001 5
b10 i
12
#7980000
02
#7990000
b10 i
12
#8000000
02
#8010000
1'
1C
b10100101010110101010010100010001 (
b10100101010110101010010100010001 ;
b10100101010110101010010100010001 D
b10100101010110101010010100010001 Q
b10100101010110101010010100010001 f
b10 i
12
#8020000
02
#8030000
b11 \
b10100101010110101010010100010001 Z
0'
0C
b111001 4
b111001 9
b10 i
12
#8040000
02
#8050000
1#
1=
b10001 %
b10001 <
b10001 ?
b10001 L
b10001 Y
b10 i
12
#8060000
02
#8070000
b1 \
b100100 [
0#
0=
b0 O
0$
0>
b111001 "
b111001 A
b111001 P
b10001 !
b10001 @
b10001 N
b111001 8
b111001 6
b10 i
12
#8080000
02
#8090000
1]
1$
1>
1)
1E
b100100 *
b100100 :
b100100 F
b100100 X
b100100 ^
b10 i
12
#8100000
02
#8110000
0]
b10 \
0)
0E
b10 g
b111010 5
b10 i
12
#8120000
02
#8130000
b10 i
12
#8140000
02
#8150000
1'
1C
b10100101010110101010010100010011 (
b10100101010110101010010100010011 ;
b10100101010110101010010100010011 D
b10100101010110101010010100010011 Q
b10100101010110101010010100010011 f
b10 i
12
#8160000
02
#8170000
0'
0C
b11 \
b10100101010110101010010100010011 Z
b111010 4
b111010 9
b10 i
12
#8180000
02
#8190000
1#
1=
b10011 %
b10011 <
b10011 ?
b10011 L
b10011 Y
b10 i
12
#8200000
02
#8210000
b1 O
b111010 "
b111010 A
b111010 P
b10011 !
b10011 @
b10011 N
b1 \
b101000 [
0#
0=
b111010 8
b111010 6
b10 i
12
#8220000
02
#8230000
1]
1)
1E
b101000 *
b101000 :
b101000 F
b101000 X
b101000 ^
b10 i
12
#8240000
02
#8250000
0]
b11 g
b10 \
0)
0E
b111011 5
b10 i
12
#8260000
02
#8270000
b10 i
12
#8280000
02
#8290000
1'
1C
b10100101010110101010010100010101 (
b10100101010110101010010100010101 ;
b10100101010110101010010100010101 D
b10100101010110101010010100010101 Q
b10100101010110101010010100010101 f
b10 i
12
#8300000
02
#8310000
b11 \
b10100101010110101010010100010101 Z
0'
0C
b111011 4
b111011 9
b10 i
12
#8320000
02
#8330000
1#
1=
b10101 %
b10101 <
b10101 ?
b10101 L
b10101 Y
b10 i
12
#8340000
02
#8350000
b1 \
b101100 [
0#
0=
b10 O
b111011 "
b111011 A
b111011 P
b10101 !
b10101 @
b10101 N
b111011 8
b111011 6
b10 i
12
#8360000
02
#8370000
1]
1)
1E
b101100 *
b101100 :
b101100 F
b101100 X
b101100 ^
b10 i
12
#8380000
02
#8390000
0]
b10 \
0)
0E
b0 g
1&
1B
b111100 5
b10 i
12
#8400000
02
#8410000
0&
0B
b10 i
12
#8420000
02
#8430000
1'
1C
b10100101010110101010010100010111 (
b10100101010110101010010100010111 ;
b10100101010110101010010100010111 D
b10100101010110101010010100010111 Q
b10100101010110101010010100010111 f
b10 i
12
#8440000
02
#8450000
0'
0C
b11 \
b10100101010110101010010100010111 Z
b111100 4
b111100 9
b10 i
12
#8460000
02
#8470000
1#
1=
b10111 %
b10111 <
b10111 ?
b10111 L
b10111 Y
b10 i
12
#8480000
02
#8490000
b0 O
0$
0>
b111100 "
b111100 A
b111100 P
b10111 !
b10111 @
b10111 N
b1 \
b110000 [
0#
0=
b111100 8
b111100 6
b10 i
12
#8500000
02
#8510000
1]
1)
1E
b110000 *
b110000 :
b110000 F
b110000 X
b110000 ^
1$
1>
b10 i
12
#8520000
02
#8530000
0]
b1 g
b10 \
0)
0E
b111101 5
b10 i
12
#8540000
02
#8550000
b10 i
12
#8560000
02
#8570000
1'
1C
b10100101010110101010010100011001 (
b10100101010110101010010100011001 ;
b10100101010110101010010100011001 D
b10100101010110101010010100011001 Q
b10100101010110101010010100011001 f
b10 i
12
#8580000
02
#8590000
b11 \
b10100101010110101010010100011001 Z
0'
0C
b111101 4
b111101 9
b10 i
12
#8600000
02
#8610000
1#
1=
b11001 %
b11001 <
b11001 ?
b11001 L
b11001 Y
b10 i
12
#8620000
02
#8630000
b1 \
b110100 [
0#
0=
b1 O
b111101 "
b111101 A
b111101 P
b11001 !
b11001 @
b11001 N
b111101 8
b111101 6
b10 i
12
#8640000
02
#8650000
1]
1)
1E
b110100 *
b110100 :
b110100 F
b110100 X
b110100 ^
b10 i
12
#8660000
02
#8670000
0]
b10 \
0)
0E
b10 g
b111110 5
b10 i
12
#8680000
02
#8690000
b10 i
12
#8700000
02
#8710000
1'
1C
b10100101010110101010010100011011 (
b10100101010110101010010100011011 ;
b10100101010110101010010100011011 D
b10100101010110101010010100011011 Q
b10100101010110101010010100011011 f
b10 i
12
#8720000
02
#8730000
0'
0C
b11 \
b10100101010110101010010100011011 Z
b111110 4
b111110 9
b10 i
12
#8740000
02
#8750000
1#
1=
b11011 %
b11011 <
b11011 ?
b11011 L
b11011 Y
b10 i
12
#8760000
02
#8770000
b10 O
b111110 "
b111110 A
b111110 P
b11011 !
b11011 @
b11011 N
b1 \
b111000 [
0#
0=
b111110 8
b111110 6
b10 i
12
#8780000
02
#8790000
1]
1)
1E
b111000 *
b111000 :
b111000 F
b111000 X
b111000 ^
b10 i
12
#8800000
02
#8810000
0]
b11 g
b10 \
0)
0E
b111111 5
b10 i
12
#8820000
02
#8830000
b10 i
12
#8840000
02
#8850000
1'
1C
b10100101010110101010010100011101 (
b10100101010110101010010100011101 ;
b10100101010110101010010100011101 D
b10100101010110101010010100011101 Q
b10100101010110101010010100011101 f
b10 i
12
#8860000
02
#8870000
b11 \
b10100101010110101010010100011101 Z
0'
0C
b111111 4
b111111 9
b10 i
12
#8880000
02
#8890000
1#
1=
b11101 %
b11101 <
b11101 ?
b11101 L
b11101 Y
b10 i
12
#8900000
02
#8910000
b1 \
b111100 [
0#
0=
b0 O
0$
0>
b111111 "
b111111 A
b111111 P
b11101 !
b11101 @
b11101 N
b111111 8
b111111 6
b10 i
12
#8920000
02
#8930000
1]
1$
1>
1)
1E
b111100 *
b111100 :
b111100 F
b111100 X
b111100 ^
b10 i
12
#8940000
02
#8950000
0]
b10 \
0)
0E
b0 g
1&
1B
b1000000 5
b10 i
12
#8960000
02
#8970000
0&
0B
b10 i
12
#8980000
02
#8990000
1'
1C
b10100101010110101010010100011111 (
b10100101010110101010010100011111 ;
b10100101010110101010010100011111 D
b10100101010110101010010100011111 Q
b10100101010110101010010100011111 f
b10 i
12
#9000000
02
#9010000
0'
0C
b11 \
b10100101010110101010010100011111 Z
b1000000 4
b1000000 9
b10 i
12
#9020000
02
#9030000
1#
1=
b11111 %
b11111 <
b11111 ?
b11111 L
b11111 Y
b10 i
12
#9040000
02
#9050000
b1 O
b1000000 "
b1000000 A
b1000000 P
b11111 !
b11111 @
b11111 N
b1 \
b0 [
0#
0=
b1000000 8
b1000000 6
b10 i
12
#9060000
02
#9070000
1]
1)
1E
b0 *
b0 :
b0 F
b0 X
b0 ^
b10 i
12
#9080000
02
#9090000
0]
b1 g
b10 \
0)
0E
b1000001 5
b10 i
12
#9100000
02
#9110000
b10 i
12
#9120000
02
#9130000
1'
1C
b10100101010110101010010100000001 (
b10100101010110101010010100000001 ;
b10100101010110101010010100000001 D
b10100101010110101010010100000001 Q
b10100101010110101010010100000001 f
b10 i
12
#9140000
02
#9150000
b11 \
b10100101010110101010010100000001 Z
0'
0C
b1000001 4
b1000001 9
b10 i
12
#9160000
02
#9170000
1#
1=
b1 %
b1 <
b1 ?
b1 L
b1 Y
b10 i
12
#9180000
02
#9190000
b1 \
b100 [
0#
0=
b10 O
b1000001 "
b1000001 A
b1000001 P
b1 !
b1 @
b1 N
b1000001 8
b1000001 6
b10 i
12
#9200000
02
#9210000
1]
1)
1E
b100 *
b100 :
b100 F
b100 X
b100 ^
b10 i
12
#9220000
02
#9230000
0]
b10 \
0)
0E
b10 g
b1000010 5
b10 i
12
#9240000
02
#9250000
b10 i
12
#9260000
02
#9270000
1'
1C
b10100101010110101010010100000011 (
b10100101010110101010010100000011 ;
b10100101010110101010010100000011 D
b10100101010110101010010100000011 Q
b10100101010110101010010100000011 f
b10 i
12
#9280000
02
#9290000
0'
0C
b11 \
b10100101010110101010010100000011 Z
b1000010 4
b1000010 9
b10 i
12
#9300000
02
#9310000
1#
1=
b11 %
b11 <
b11 ?
b11 L
b11 Y
b10 i
12
#9320000
02
#9330000
b0 O
0$
0>
b1000010 "
b1000010 A
b1000010 P
b11 !
b11 @
b11 N
b1 \
b1000 [
0#
0=
b1000010 8
b1000010 6
b10 i
12
#9340000
02
#9350000
1]
1)
1E
b1000 *
b1000 :
b1000 F
b1000 X
b1000 ^
1$
1>
b10 i
12
#9360000
02
#9370000
0]
b11 g
b10 \
0)
0E
b1000011 5
b10 i
12
#9380000
02
#9390000
b10 i
12
#9400000
02
#9410000
1'
1C
b10100101010110101010010100000101 (
b10100101010110101010010100000101 ;
b10100101010110101010010100000101 D
b10100101010110101010010100000101 Q
b10100101010110101010010100000101 f
b10 i
12
#9420000
02
#9430000
b11 \
b10100101010110101010010100000101 Z
0'
0C
b1000011 4
b1000011 9
b10 i
12
#9440000
02
#9450000
1#
1=
b101 %
b101 <
b101 ?
b101 L
b101 Y
b10 i
12
#9460000
02
#9470000
b1 \
b1100 [
0#
0=
b1 O
b1000011 "
b1000011 A
b1000011 P
b101 !
b101 @
b101 N
b1000011 8
b1000011 6
b10 i
12
#9480000
02
#9490000
1]
1)
1E
b1100 *
b1100 :
b1100 F
b1100 X
b1100 ^
b10 i
12
#9500000
02
#9510000
0]
b10 \
0)
0E
b0 g
1&
1B
b1000100 5
b10 i
12
#9520000
02
#9530000
0&
0B
b10 i
12
#9540000
02
#9550000
1'
1C
b10100101010110101010010100000111 (
b10100101010110101010010100000111 ;
b10100101010110101010010100000111 D
b10100101010110101010010100000111 Q
b10100101010110101010010100000111 f
b10 i
12
#9560000
02
#9570000
0'
0C
b11 \
b10100101010110101010010100000111 Z
b1000100 4
b1000100 9
b10 i
12
#9580000
02
#9590000
1#
1=
b111 %
b111 <
b111 ?
b111 L
b111 Y
b10 i
12
#9600000
02
#9610000
b10 O
b1000100 "
b1000100 A
b1000100 P
b111 !
b111 @
b111 N
b1 \
b10000 [
0#
0=
b1000100 8
b1000100 6
b10 i
12
#9620000
02
#9630000
1]
1)
1E
b10000 *
b10000 :
b10000 F
b10000 X
b10000 ^
b10 i
12
#9640000
02
#9650000
0]
b1 g
b10 \
0)
0E
b1000101 5
b10 i
12
#9660000
02
#9670000
b10 i
12
#9680000
02
#9690000
1'
1C
b10100101010110101010010100001001 (
b10100101010110101010010100001001 ;
b10100101010110101010010100001001 D
b10100101010110101010010100001001 Q
b10100101010110101010010100001001 f
b10 i
12
#9700000
02
#9710000
b11 \
b10100101010110101010010100001001 Z
0'
0C
b1000101 4
b1000101 9
b10 i
12
#9720000
02
#9730000
1#
1=
b1001 %
b1001 <
b1001 ?
b1001 L
b1001 Y
b10 i
12
#9740000
02
#9750000
b1 \
b10100 [
0#
0=
b0 O
0$
0>
b1000101 "
b1000101 A
b1000101 P
b1001 !
b1001 @
b1001 N
b1000101 8
b1000101 6
b10 i
12
#9760000
02
#9770000
1]
1$
1>
1)
1E
b10100 *
b10100 :
b10100 F
b10100 X
b10100 ^
b10 i
12
#9780000
02
#9790000
0]
b10 \
0)
0E
b10 g
b1000110 5
b10 i
12
#9800000
02
#9810000
b10 i
12
#9820000
02
#9830000
1'
1C
b10100101010110101010010100001011 (
b10100101010110101010010100001011 ;
b10100101010110101010010100001011 D
b10100101010110101010010100001011 Q
b10100101010110101010010100001011 f
b10 i
12
#9840000
02
#9850000
0'
0C
b11 \
b10100101010110101010010100001011 Z
b1000110 4
b1000110 9
b10 i
12
#9860000
02
#9870000
1#
1=
b1011 %
b1011 <
b1011 ?
b1011 L
b1011 Y
b10 i
12
#9880000
02
#9890000
b1 O
b1000110 "
b1000110 A
b1000110 P
b1011 !
b1011 @
b1011 N
b1 \
b11000 [
0#
0=
b1000110 8
b1000110 6
b10 i
12
#9900000
02
#9910000
1]
1)
1E
b11000 *
b11000 :
b11000 F
b11000 X
b11000 ^
b10 i
12
#9920000
02
#9930000
0]
b11 g
b10 \
0)
0E
b1000111 5
b10 i
12
#9940000
02
#9950000
b10 i
12
#9960000
02
#9970000
1'
1C
b10100101010110101010010100001101 (
b10100101010110101010010100001101 ;
b10100101010110101010010100001101 D
b10100101010110101010010100001101 Q
b10100101010110101010010100001101 f
b10 i
12
#9980000
02
#9990000
b11 \
b10100101010110101010010100001101 Z
0'
0C
b1000111 4
b1000111 9
b10 i
12
#10000000
02
#10010000
1#
1=
b1101 %
b1101 <
b1101 ?
b1101 L
b1101 Y
b10 i
12
#10020000
02
#10030000
b1 \
b11100 [
0#
0=
b10 O
b1000111 "
b1000111 A
b1000111 P
b1101 !
b1101 @
b1101 N
b1000111 8
b1000111 6
b10 i
12
#10040000
02
#10050000
1]
1)
1E
b11100 *
b11100 :
b11100 F
b11100 X
b11100 ^
b10 i
12
#10060000
02
#10070000
0]
b10 \
0)
0E
b0 g
1&
1B
b1001000 5
b10 i
12
#10080000
02
#10090000
0&
0B
b10 i
12
#10100000
02
#10110000
1'
1C
b10100101010110101010010100001111 (
b10100101010110101010010100001111 ;
b10100101010110101010010100001111 D
b10100101010110101010010100001111 Q
b10100101010110101010010100001111 f
b10 i
12
#10120000
02
#10130000
0'
0C
b11 \
b10100101010110101010010100001111 Z
b1001000 4
b1001000 9
b10 i
12
#10140000
02
#10150000
1#
1=
b1111 %
b1111 <
b1111 ?
b1111 L
b1111 Y
b10 i
12
#10160000
02
#10170000
b0 O
0$
0>
b1001000 "
b1001000 A
b1001000 P
b1111 !
b1111 @
b1111 N
b1 \
b100000 [
0#
0=
b1001000 8
b1001000 6
b10 i
12
#10180000
02
#10190000
1]
1)
1E
b100000 *
b100000 :
b100000 F
b100000 X
b100000 ^
1$
1>
b10 i
12
#10200000
02
#10210000
0]
b1 g
b10 \
0)
0E
b1001001 5
b10 i
12
#10220000
02
#10230000
b10 i
12
#10240000
02
#10250000
1'
1C
b10100101010110101010010100010001 (
b10100101010110101010010100010001 ;
b10100101010110101010010100010001 D
b10100101010110101010010100010001 Q
b10100101010110101010010100010001 f
b10 i
12
#10260000
02
#10270000
b11 \
b10100101010110101010010100010001 Z
0'
0C
b1001001 4
b1001001 9
b10 i
12
#10280000
02
#10290000
1#
1=
b10001 %
b10001 <
b10001 ?
b10001 L
b10001 Y
b10 i
12
#10300000
02
#10310000
b1 \
b100100 [
0#
0=
b1 O
b1001001 "
b1001001 A
b1001001 P
b10001 !
b10001 @
b10001 N
b1001001 8
b1001001 6
b10 i
12
#10320000
02
#10330000
1]
1)
1E
b100100 *
b100100 :
b100100 F
b100100 X
b100100 ^
b10 i
12
#10340000
02
#10350000
0]
b10 \
0)
0E
b10 g
b1001010 5
b10 i
12
#10360000
02
#10370000
b10 i
12
#10380000
02
#10390000
1'
1C
b10100101010110101010010100010011 (
b10100101010110101010010100010011 ;
b10100101010110101010010100010011 D
b10100101010110101010010100010011 Q
b10100101010110101010010100010011 f
b10 i
12
#10400000
02
#10410000
0'
0C
b11 \
b10100101010110101010010100010011 Z
b1001010 4
b1001010 9
b10 i
12
#10420000
02
#10430000
1#
1=
b10011 %
b10011 <
b10011 ?
b10011 L
b10011 Y
b10 i
12
#10440000
02
#10450000
b10 O
b1001010 "
b1001010 A
b1001010 P
b10011 !
b10011 @
b10011 N
b1 \
b101000 [
0#
0=
b1001010 8
b1001010 6
b10 i
12
#10460000
02
#10470000
1]
1)
1E
b101000 *
b101000 :
b101000 F
b101000 X
b101000 ^
b10 i
12
#10480000
02
#10490000
0]
b11 g
b10 \
0)
0E
b1001011 5
b10 i
12
#10500000
02
#10510000
b10 i
12
#10520000
02
#10530000
1'
1C
b10100101010110101010010100010101 (
b10100101010110101010010100010101 ;
b10100101010110101010010100010101 D
b10100101010110101010010100010101 Q
b10100101010110101010010100010101 f
b10 i
12
#10540000
02
#10550000
b11 \
b10100101010110101010010100010101 Z
0'
0C
b1001011 4
b1001011 9
b10 i
12
#10560000
02
#10570000
1#
1=
b10101 %
b10101 <
b10101 ?
b10101 L
b10101 Y
b10 i
12
#10580000
02
#10590000
b1 \
b101100 [
0#
0=
b0 O
0$
0>
b1001011 "
b1001011 A
b1001011 P
b10101 !
b10101 @
b10101 N
b1001011 8
b1001011 6
b10 i
12
#10600000
02
#10610000
1]
1$
1>
1)
1E
b101100 *
b101100 :
b101100 F
b101100 X
b101100 ^
b10 i
12
#10620000
02
#10630000
0]
b10 \
0)
0E
b0 g
1&
1B
b1001100 5
b10 i
12
#10640000
02
#10650000
0&
0B
b10 i
12
#10660000
02
#10670000
1'
1C
b10100101010110101010010100010111 (
b10100101010110101010010100010111 ;
b10100101010110101010010100010111 D
b10100101010110101010010100010111 Q
b10100101010110101010010100010111 f
b10 i
12
#10680000
02
#10690000
0'
0C
b11 \
b10100101010110101010010100010111 Z
b1001100 4
b1001100 9
b10 i
12
#10700000
02
#10710000
1#
1=
b10111 %
b10111 <
b10111 ?
b10111 L
b10111 Y
b10 i
12
#10720000
02
#10730000
b1 O
b1001100 "
b1001100 A
b1001100 P
b10111 !
b10111 @
b10111 N
b1 \
b110000 [
0#
0=
b1001100 8
b1001100 6
b10 i
12
#10740000
02
#10750000
1]
1)
1E
b110000 *
b110000 :
b110000 F
b110000 X
b110000 ^
b10 i
12
#10760000
02
#10770000
0]
b1 g
b10 \
0)
0E
b1001101 5
b10 i
12
#10780000
02
#10790000
b10 i
12
#10800000
02
#10810000
1'
1C
b10100101010110101010010100011001 (
b10100101010110101010010100011001 ;
b10100101010110101010010100011001 D
b10100101010110101010010100011001 Q
b10100101010110101010010100011001 f
b10 i
12
#10820000
02
#10830000
b11 \
b10100101010110101010010100011001 Z
0'
0C
b1001101 4
b1001101 9
b10 i
12
#10840000
02
#10850000
1#
1=
b11001 %
b11001 <
b11001 ?
b11001 L
b11001 Y
b10 i
12
#10860000
02
#10870000
b1 \
b110100 [
0#
0=
b10 O
b1001101 "
b1001101 A
b1001101 P
b11001 !
b11001 @
b11001 N
b1001101 8
b1001101 6
b10 i
12
#10880000
02
#10890000
1]
1)
1E
b110100 *
b110100 :
b110100 F
b110100 X
b110100 ^
b10 i
12
#10900000
02
#10910000
0]
b10 \
0)
0E
b10 g
b1001110 5
b10 i
12
#10920000
02
#10930000
b10 i
12
#10940000
02
#10950000
1'
1C
b10100101010110101010010100011011 (
b10100101010110101010010100011011 ;
b10100101010110101010010100011011 D
b10100101010110101010010100011011 Q
b10100101010110101010010100011011 f
b10 i
12
#10960000
02
#10970000
0'
0C
b11 \
b10100101010110101010010100011011 Z
b1001110 4
b1001110 9
b10 i
12
#10980000
02
#10990000
1#
1=
b11011 %
b11011 <
b11011 ?
b11011 L
b11011 Y
b10 i
12
#11000000
02
#11010000
b0 O
0$
0>
b1001110 "
b1001110 A
b1001110 P
b11011 !
b11011 @
b11011 N
b1 \
b111000 [
0#
0=
b1001110 8
b1001110 6
b10 i
12
#11020000
02
#11030000
1]
1)
1E
b111000 *
b111000 :
b111000 F
b111000 X
b111000 ^
1$
1>
b10 i
12
#11040000
02
#11050000
0]
b11 g
b10 \
0)
0E
b1001111 5
b10 i
12
#11060000
02
#11070000
b10 i
12
#11080000
02
#11090000
1'
1C
b10100101010110101010010100011101 (
b10100101010110101010010100011101 ;
b10100101010110101010010100011101 D
b10100101010110101010010100011101 Q
b10100101010110101010010100011101 f
b10 i
12
#11100000
02
#11110000
b11 \
b10100101010110101010010100011101 Z
0'
0C
b1001111 4
b1001111 9
b10 i
12
#11120000
02
#11130000
1#
1=
b11101 %
b11101 <
b11101 ?
b11101 L
b11101 Y
b10 i
12
#11140000
02
#11150000
b1 \
b111100 [
0#
0=
b1 O
b1001111 "
b1001111 A
b1001111 P
b11101 !
b11101 @
b11101 N
b1001111 8
b1001111 6
b10 i
12
#11160000
02
#11170000
1]
1)
1E
b111100 *
b111100 :
b111100 F
b111100 X
b111100 ^
b10 i
12
#11180000
02
#11190000
0]
b10 \
0)
0E
b0 g
1&
1B
b1010000 5
b10 i
12
#11200000
02
#11210000
0&
0B
b10 i
12
#11220000
02
#11230000
1'
1C
b10100101010110101010010100011111 (
b10100101010110101010010100011111 ;
b10100101010110101010010100011111 D
b10100101010110101010010100011111 Q
b10100101010110101010010100011111 f
b10 i
12
#11240000
02
#11250000
0'
0C
b11 \
b10100101010110101010010100011111 Z
b1010000 4
b1010000 9
b10 i
12
#11260000
02
#11270000
1#
1=
b11111 %
b11111 <
b11111 ?
b11111 L
b11111 Y
b10 i
12
#11280000
02
#11290000
b10 O
b1010000 "
b1010000 A
b1010000 P
b11111 !
b11111 @
b11111 N
b1 \
b0 [
0#
0=
b1010000 8
b1010000 6
b10 i
12
#11300000
02
#11310000
1]
1)
1E
b0 *
b0 :
b0 F
b0 X
b0 ^
b10 i
12
#11320000
02
#11330000
0]
b1 g
b10 \
0)
0E
b1010001 5
b10 i
12
#11340000
02
#11350000
b10 i
12
#11360000
02
#11370000
1'
1C
b10100101010110101010010100000001 (
b10100101010110101010010100000001 ;
b10100101010110101010010100000001 D
b10100101010110101010010100000001 Q
b10100101010110101010010100000001 f
b10 i
12
#11380000
02
#11390000
b11 \
b10100101010110101010010100000001 Z
0'
0C
b1010001 4
b1010001 9
b10 i
12
#11400000
02
#11410000
1#
1=
b1 %
b1 <
b1 ?
b1 L
b1 Y
b10 i
12
#11420000
02
#11430000
b1 \
b100 [
0#
0=
b0 O
0$
0>
b1010001 "
b1010001 A
b1010001 P
b1 !
b1 @
b1 N
b1010001 8
b1010001 6
b10 i
12
#11440000
02
#11450000
1]
1$
1>
1)
1E
b100 *
b100 :
b100 F
b100 X
b100 ^
b10 i
12
#11460000
02
#11470000
0]
b10 \
0)
0E
b10 g
b1010010 5
b10 i
12
#11480000
02
#11490000
b10 i
12
#11500000
02
#11510000
1'
1C
b10100101010110101010010100000011 (
b10100101010110101010010100000011 ;
b10100101010110101010010100000011 D
b10100101010110101010010100000011 Q
b10100101010110101010010100000011 f
b10 i
12
#11520000
02
#11530000
0'
0C
b11 \
b10100101010110101010010100000011 Z
b1010010 4
b1010010 9
b10 i
12
#11540000
02
#11550000
1#
1=
b11 %
b11 <
b11 ?
b11 L
b11 Y
b10 i
12
#11560000
02
#11570000
b1 O
b1010010 "
b1010010 A
b1010010 P
b11 !
b11 @
b11 N
b1 \
b1000 [
0#
0=
b1010010 8
b1010010 6
b10 i
12
#11580000
02
#11590000
1]
1)
1E
b1000 *
b1000 :
b1000 F
b1000 X
b1000 ^
b10 i
12
#11600000
02
#11610000
0]
b11 g
b10 \
0)
0E
b1010011 5
b10 i
12
#11620000
02
#11630000
b10 i
12
#11640000
02
#11650000
1'
1C
b10100101010110101010010100000101 (
b10100101010110101010010100000101 ;
b10100101010110101010010100000101 D
b10100101010110101010010100000101 Q
b10100101010110101010010100000101 f
b10 i
12
#11660000
02
#11670000
b11 \
b10100101010110101010010100000101 Z
0'
0C
b1010011 4
b1010011 9
b10 i
12
#11680000
02
#11690000
1#
1=
b101 %
b101 <
b101 ?
b101 L
b101 Y
b10 i
12
#11700000
02
#11710000
b1 \
b1100 [
0#
0=
b10 O
b1010011 "
b1010011 A
b1010011 P
b101 !
b101 @
b101 N
b1010011 8
b1010011 6
b10 i
12
#11720000
02
#11730000
1]
1)
1E
b1100 *
b1100 :
b1100 F
b1100 X
b1100 ^
b10 i
12
#11740000
02
#11750000
0]
b10 \
0)
0E
b0 g
1&
1B
b1010100 5
b10 i
12
#11760000
02
#11770000
0&
0B
b10 i
12
#11780000
02
#11790000
1'
1C
b10100101010110101010010100000111 (
b10100101010110101010010100000111 ;
b10100101010110101010010100000111 D
b10100101010110101010010100000111 Q
b10100101010110101010010100000111 f
b10 i
12
#11800000
02
#11810000
0'
0C
b11 \
b10100101010110101010010100000111 Z
b1010100 4
b1010100 9
b10 i
12
#11820000
02
#11830000
1#
1=
b111 %
b111 <
b111 ?
b111 L
b111 Y
b10 i
12
#11840000
02
#11850000
b0 O
0$
0>
b1010100 "
b1010100 A
b1010100 P
b111 !
b111 @
b111 N
b1 \
b10000 [
0#
0=
b1010100 8
b1010100 6
b10 i
12
#11860000
02
#11870000
1]
1)
1E
b10000 *
b10000 :
b10000 F
b10000 X
b10000 ^
1$
1>
b10 i
12
#11880000
02
#11890000
0]
b1 g
b10 \
0)
0E
b1010101 5
b10 i
12
#11900000
02
#11910000
b10 i
12
#11920000
02
#11930000
1'
1C
b10100101010110101010010100001001 (
b10100101010110101010010100001001 ;
b10100101010110101010010100001001 D
b10100101010110101010010100001001 Q
b10100101010110101010010100001001 f
b10 i
12
#11940000
02
#11950000
b11 \
b10100101010110101010010100001001 Z
0'
0C
b1010101 4
b1010101 9
b10 i
12
#11960000
02
#11970000
1#
1=
b1001 %
b1001 <
b1001 ?
b1001 L
b1001 Y
b10 i
12
#11980000
02
#11990000
b1 \
b10100 [
0#
0=
b1 O
b1010101 "
b1010101 A
b1010101 P
b1001 !
b1001 @
b1001 N
b1010101 8
b1010101 6
b10 i
12
#12000000
02
#12010000
1]
1)
1E
b10100 *
b10100 :
b10100 F
b10100 X
b10100 ^
b10 i
12
#12020000
02
#12030000
0]
b10 \
0)
0E
b10 g
b1010110 5
b10 i
12
#12040000
02
#12050000
b10 i
12
#12060000
02
#12070000
1'
1C
b10100101010110101010010100001011 (
b10100101010110101010010100001011 ;
b10100101010110101010010100001011 D
b10100101010110101010010100001011 Q
b10100101010110101010010100001011 f
b10 i
12
#12080000
02
#12090000
0'
0C
b11 \
b10100101010110101010010100001011 Z
b1010110 4
b1010110 9
b10 i
12
#12100000
02
#12110000
1#
1=
b1011 %
b1011 <
b1011 ?
b1011 L
b1011 Y
b10 i
12
#12120000
02
#12130000
b10 O
b1010110 "
b1010110 A
b1010110 P
b1011 !
b1011 @
b1011 N
b1 \
b11000 [
0#
0=
b1010110 8
b1010110 6
b10 i
12
#12140000
02
#12150000
1]
1)
1E
b11000 *
b11000 :
b11000 F
b11000 X
b11000 ^
b10 i
12
#12160000
02
#12170000
0]
b11 g
b10 \
0)
0E
b1010111 5
b10 i
12
#12180000
02
#12190000
b10 i
12
#12200000
02
#12210000
1'
1C
b10100101010110101010010100001101 (
b10100101010110101010010100001101 ;
b10100101010110101010010100001101 D
b10100101010110101010010100001101 Q
b10100101010110101010010100001101 f
b10 i
12
#12220000
02
#12230000
b11 \
b10100101010110101010010100001101 Z
0'
0C
b1010111 4
b1010111 9
b10 i
12
#12240000
02
#12250000
1#
1=
b1101 %
b1101 <
b1101 ?
b1101 L
b1101 Y
b10 i
12
#12260000
02
#12270000
b1 \
b11100 [
0#
0=
b0 O
0$
0>
b1010111 "
b1010111 A
b1010111 P
b1101 !
b1101 @
b1101 N
b1010111 8
b1010111 6
b10 i
12
#12280000
02
#12290000
1]
1$
1>
1)
1E
b11100 *
b11100 :
b11100 F
b11100 X
b11100 ^
b10 i
12
#12300000
02
#12310000
0]
b10 \
0)
0E
b0 g
1&
1B
b1011000 5
b10 i
12
#12320000
02
#12330000
0&
0B
b10 i
12
#12340000
02
#12350000
1'
1C
b10100101010110101010010100001111 (
b10100101010110101010010100001111 ;
b10100101010110101010010100001111 D
b10100101010110101010010100001111 Q
b10100101010110101010010100001111 f
b10 i
12
#12360000
02
#12370000
0'
0C
b11 \
b10100101010110101010010100001111 Z
b1011000 4
b1011000 9
b10 i
12
#12380000
02
#12390000
1#
1=
b1111 %
b1111 <
b1111 ?
b1111 L
b1111 Y
b10 i
12
#12400000
02
#12410000
b1 O
b1011000 "
b1011000 A
b1011000 P
b1111 !
b1111 @
b1111 N
b1 \
b100000 [
0#
0=
b1011000 8
b1011000 6
b10 i
12
#12420000
02
#12430000
1]
1)
1E
b100000 *
b100000 :
b100000 F
b100000 X
b100000 ^
b10 i
12
#12440000
02
#12450000
0]
b1 g
b10 \
0)
0E
b1011001 5
b10 i
12
#12460000
02
#12470000
b10 i
12
#12480000
02
#12490000
1'
1C
b10100101010110101010010100010001 (
b10100101010110101010010100010001 ;
b10100101010110101010010100010001 D
b10100101010110101010010100010001 Q
b10100101010110101010010100010001 f
b10 i
12
#12500000
02
#12510000
b11 \
b10100101010110101010010100010001 Z
0'
0C
b1011001 4
b1011001 9
b10 i
12
#12520000
02
#12530000
1#
1=
b10001 %
b10001 <
b10001 ?
b10001 L
b10001 Y
b10 i
12
#12540000
02
#12550000
b1 \
b100100 [
0#
0=
b10 O
b1011001 "
b1011001 A
b1011001 P
b10001 !
b10001 @
b10001 N
b1011001 8
b1011001 6
b10 i
12
#12560000
02
#12570000
1]
1)
1E
b100100 *
b100100 :
b100100 F
b100100 X
b100100 ^
b10 i
12
#12580000
02
#12590000
0]
b10 \
0)
0E
b10 g
b1011010 5
b10 i
12
#12600000
02
#12610000
b10 i
12
#12620000
02
#12630000
1'
1C
b10100101010110101010010100010011 (
b10100101010110101010010100010011 ;
b10100101010110101010010100010011 D
b10100101010110101010010100010011 Q
b10100101010110101010010100010011 f
b10 i
12
#12640000
02
#12650000
0'
0C
b11 \
b10100101010110101010010100010011 Z
b1011010 4
b1011010 9
b10 i
12
#12660000
02
#12670000
1#
1=
b10011 %
b10011 <
b10011 ?
b10011 L
b10011 Y
b10 i
12
#12680000
02
#12690000
b0 O
0$
0>
b1011010 "
b1011010 A
b1011010 P
b10011 !
b10011 @
b10011 N
b1 \
b101000 [
0#
0=
b1011010 8
b1011010 6
b10 i
12
#12700000
02
#12710000
1]
1)
1E
b101000 *
b101000 :
b101000 F
b101000 X
b101000 ^
1$
1>
b10 i
12
#12720000
02
#12730000
0]
b11 g
b10 \
0)
0E
b1011011 5
b10 i
12
#12740000
02
#12750000
b10 i
12
#12760000
02
#12770000
1'
1C
b10100101010110101010010100010101 (
b10100101010110101010010100010101 ;
b10100101010110101010010100010101 D
b10100101010110101010010100010101 Q
b10100101010110101010010100010101 f
b10 i
12
#12780000
02
#12790000
b11 \
b10100101010110101010010100010101 Z
0'
0C
b1011011 4
b1011011 9
b10 i
12
#12800000
02
#12810000
1#
1=
b10101 %
b10101 <
b10101 ?
b10101 L
b10101 Y
b10 i
12
#12820000
02
#12830000
b1 \
b101100 [
0#
0=
b1 O
b1011011 "
b1011011 A
b1011011 P
b10101 !
b10101 @
b10101 N
b1011011 8
b1011011 6
b10 i
12
#12840000
02
#12850000
1]
1)
1E
b101100 *
b101100 :
b101100 F
b101100 X
b101100 ^
b10 i
12
#12860000
02
#12870000
0]
b10 \
0)
0E
b0 g
1&
1B
b1011100 5
b10 i
12
#12880000
02
#12890000
0&
0B
b10 i
12
#12900000
02
#12910000
1'
1C
b10100101010110101010010100010111 (
b10100101010110101010010100010111 ;
b10100101010110101010010100010111 D
b10100101010110101010010100010111 Q
b10100101010110101010010100010111 f
b10 i
12
#12920000
02
#12930000
0'
0C
b11 \
b10100101010110101010010100010111 Z
b1011100 4
b1011100 9
b10 i
12
#12940000
02
#12950000
1#
1=
b10111 %
b10111 <
b10111 ?
b10111 L
b10111 Y
b10 i
12
#12960000
02
#12970000
b10 O
b1011100 "
b1011100 A
b1011100 P
b10111 !
b10111 @
b10111 N
b1 \
b110000 [
0#
0=
b1011100 8
b1011100 6
b10 i
12
#12980000
02
#12990000
1]
1)
1E
b110000 *
b110000 :
b110000 F
b110000 X
b110000 ^
b10 i
12
#13000000
02
#13010000
0]
b1 g
b10 \
0)
0E
b1011101 5
b10 i
12
#13020000
02
#13030000
b10 i
12
#13040000
02
#13050000
1'
1C
b10100101010110101010010100011001 (
b10100101010110101010010100011001 ;
b10100101010110101010010100011001 D
b10100101010110101010010100011001 Q
b10100101010110101010010100011001 f
b10 i
12
#13060000
02
#13070000
b11 \
b10100101010110101010010100011001 Z
0'
0C
b1011101 4
b1011101 9
b10 i
12
#13080000
02
#13090000
1#
1=
b11001 %
b11001 <
b11001 ?
b11001 L
b11001 Y
b10 i
12
#13100000
02
#13110000
b1 \
b110100 [
0#
0=
b0 O
0$
0>
b1011101 "
b1011101 A
b1011101 P
b11001 !
b11001 @
b11001 N
b1011101 8
b1011101 6
b10 i
12
#13120000
02
#13130000
1]
1$
1>
1)
1E
b110100 *
b110100 :
b110100 F
b110100 X
b110100 ^
b10 i
12
#13140000
02
#13150000
0]
b10 \
0)
0E
b10 g
b1011110 5
b10 i
12
#13160000
02
#13170000
b10 i
12
#13180000
02
#13190000
1'
1C
b10100101010110101010010100011011 (
b10100101010110101010010100011011 ;
b10100101010110101010010100011011 D
b10100101010110101010010100011011 Q
b10100101010110101010010100011011 f
b10 i
12
#13200000
02
#13210000
0'
0C
b11 \
b10100101010110101010010100011011 Z
b1011110 4
b1011110 9
b10 i
12
#13220000
02
#13230000
1#
1=
b11011 %
b11011 <
b11011 ?
b11011 L
b11011 Y
b10 i
12
#13240000
02
#13250000
b1 O
b1011110 "
b1011110 A
b1011110 P
b11011 !
b11011 @
b11011 N
b1 \
b111000 [
0#
0=
b1011110 8
b1011110 6
b10 i
12
#13260000
02
#13270000
1]
1)
1E
b111000 *
b111000 :
b111000 F
b111000 X
b111000 ^
b10 i
12
#13280000
02
#13290000
0]
b11 g
b10 \
0)
0E
b1011111 5
b10 i
12
#13300000
02
#13310000
b10 i
12
#13320000
02
#13330000
1'
1C
b10100101010110101010010100011101 (
b10100101010110101010010100011101 ;
b10100101010110101010010100011101 D
b10100101010110101010010100011101 Q
b10100101010110101010010100011101 f
b10 i
12
#13340000
02
#13350000
b11 \
b10100101010110101010010100011101 Z
0'
0C
b1011111 4
b1011111 9
b10 i
12
#13360000
02
#13370000
1#
1=
b11101 %
b11101 <
b11101 ?
b11101 L
b11101 Y
b10 i
12
#13380000
02
#13390000
b1 \
b111100 [
0#
0=
b10 O
b1011111 "
b1011111 A
b1011111 P
b11101 !
b11101 @
b11101 N
b1011111 8
b1011111 6
b10 i
12
#13400000
02
#13410000
1]
1)
1E
b111100 *
b111100 :
b111100 F
b111100 X
b111100 ^
b10 i
12
#13420000
02
#13430000
0]
b10 \
0)
0E
b0 g
1&
1B
b1100000 5
b10 i
12
#13440000
02
#13450000
0&
0B
b10 i
12
#13460000
02
#13470000
1'
1C
b10100101010110101010010100011111 (
b10100101010110101010010100011111 ;
b10100101010110101010010100011111 D
b10100101010110101010010100011111 Q
b10100101010110101010010100011111 f
b10 i
12
#13480000
02
#13490000
0'
0C
b11 \
b10100101010110101010010100011111 Z
b1100000 4
b1100000 9
b10 i
12
#13500000
02
#13510000
1#
1=
b11111 %
b11111 <
b11111 ?
b11111 L
b11111 Y
b10 i
12
#13520000
02
#13530000
b0 O
0$
0>
b1100000 "
b1100000 A
b1100000 P
b11111 !
b11111 @
b11111 N
b1 \
b0 [
0#
0=
b1100000 8
b1100000 6
b10 i
12
#13540000
02
#13550000
1]
1)
1E
b0 *
b0 :
b0 F
b0 X
b0 ^
1$
1>
b10 i
12
#13560000
02
#13570000
0]
b1 g
b10 \
0)
0E
b1100001 5
b10 i
12
#13580000
02
#13590000
b10 i
12
#13600000
02
#13610000
1'
1C
b10100101010110101010010100000001 (
b10100101010110101010010100000001 ;
b10100101010110101010010100000001 D
b10100101010110101010010100000001 Q
b10100101010110101010010100000001 f
b10 i
12
#13620000
02
#13630000
b11 \
b10100101010110101010010100000001 Z
0'
0C
b1100001 4
b1100001 9
b10 i
12
#13640000
02
#13650000
1#
1=
b1 %
b1 <
b1 ?
b1 L
b1 Y
b10 i
12
#13660000
02
#13670000
b1 \
b100 [
0#
0=
b1 O
b1100001 "
b1100001 A
b1100001 P
b1 !
b1 @
b1 N
b1100001 8
b1100001 6
b10 i
12
#13680000
02
#13690000
1]
1)
1E
b100 *
b100 :
b100 F
b100 X
b100 ^
b10 i
12
#13700000
02
#13710000
0]
b10 \
0)
0E
b10 g
b1100010 5
b10 i
12
#13720000
02
#13730000
b10 i
12
#13740000
02
#13750000
1'
1C
b10100101010110101010010100000011 (
b10100101010110101010010100000011 ;
b10100101010110101010010100000011 D
b10100101010110101010010100000011 Q
b10100101010110101010010100000011 f
b10 i
12
#13760000
02
#13770000
0'
0C
b11 \
b10100101010110101010010100000011 Z
b1100010 4
b1100010 9
b10 i
12
#13780000
02
#13790000
1#
1=
b11 %
b11 <
b11 ?
b11 L
b11 Y
b10 i
12
#13800000
02
#13810000
b10 O
b1100010 "
b1100010 A
b1100010 P
b11 !
b11 @
b11 N
b1 \
b1000 [
0#
0=
b1100010 8
b1100010 6
b10 i
12
#13820000
02
#13830000
1]
1)
1E
b1000 *
b1000 :
b1000 F
b1000 X
b1000 ^
b10 i
12
#13840000
02
#13850000
0]
b11 g
b10 \
0)
0E
b1100011 5
b10 i
12
#13860000
02
#13870000
b10 i
12
#13880000
02
#13890000
1'
1C
b10100101010110101010010100000101 (
b10100101010110101010010100000101 ;
b10100101010110101010010100000101 D
b10100101010110101010010100000101 Q
b10100101010110101010010100000101 f
b10 i
12
#13900000
02
#13910000
b11 \
b10100101010110101010010100000101 Z
0'
0C
b1100011 4
b1100011 9
b10 i
12
#13920000
02
#13930000
1#
1=
b101 %
b101 <
b101 ?
b101 L
b101 Y
b10 i
12
#13940000
02
#13950000
b1 \
b1100 [
0#
0=
b0 O
0$
0>
b1100011 "
b1100011 A
b1100011 P
b101 !
b101 @
b101 N
b1100011 8
b1100011 6
b10 i
12
#13960000
02
#13970000
1]
1$
1>
1)
1E
b1100 *
b1100 :
b1100 F
b1100 X
b1100 ^
b10 i
12
#13980000
02
#13990000
0]
b10 \
0)
0E
b0 g
1&
1B
b1100100 5
b10 i
12
#14000000
02
#14010000
0&
0B
b10 i
12
#14020000
02
#14030000
1'
1C
b10100101010110101010010100000111 (
b10100101010110101010010100000111 ;
b10100101010110101010010100000111 D
b10100101010110101010010100000111 Q
b10100101010110101010010100000111 f
b10 i
12
#14040000
02
#14050000
0'
0C
b11 \
b10100101010110101010010100000111 Z
b1100100 4
b1100100 9
b10 i
12
#14060000
02
#14070000
1#
1=
b111 %
b111 <
b111 ?
b111 L
b111 Y
b10 i
12
#14080000
02
#14090000
b1 O
b1100100 "
b1100100 A
b1100100 P
b111 !
b111 @
b111 N
b1 \
b10000 [
0#
0=
b1100100 8
b1100100 6
b10 i
12
#14100000
02
#14110000
1]
1)
1E
b10000 *
b10000 :
b10000 F
b10000 X
b10000 ^
b10 i
12
#14120000
02
#14130000
0]
b1 g
b10 \
0)
0E
b1100101 5
b10 i
12
#14140000
02
#14150000
b10 i
12
#14160000
02
#14170000
1'
1C
b10100101010110101010010100001001 (
b10100101010110101010010100001001 ;
b10100101010110101010010100001001 D
b10100101010110101010010100001001 Q
b10100101010110101010010100001001 f
b10 i
12
#14180000
02
#14190000
b11 \
b10100101010110101010010100001001 Z
0'
0C
b1100101 4
b1100101 9
b10 i
12
#14200000
02
#14210000
1#
1=
b1001 %
b1001 <
b1001 ?
b1001 L
b1001 Y
b10 i
12
#14220000
02
#14230000
b1 \
b10100 [
0#
0=
b10 O
b1100101 "
b1100101 A
b1100101 P
b1001 !
b1001 @
b1001 N
b1100101 8
b1100101 6
b10 i
12
#14240000
02
#14250000
1]
1)
1E
b10100 *
b10100 :
b10100 F
b10100 X
b10100 ^
b10 i
12
#14260000
02
#14270000
0]
b10 \
0)
0E
b10 g
b1100110 5
b10 i
12
#14280000
02
#14290000
b10 i
12
#14300000
02
#14310000
1'
1C
b10100101010110101010010100001011 (
b10100101010110101010010100001011 ;
b10100101010110101010010100001011 D
b10100101010110101010010100001011 Q
b10100101010110101010010100001011 f
b10 i
12
#14320000
02
#14330000
0'
0C
b11 \
b10100101010110101010010100001011 Z
b1100110 4
b1100110 9
b10 i
12
#14340000
02
#14350000
1#
1=
b1011 %
b1011 <
b1011 ?
b1011 L
b1011 Y
b10 i
12
#14360000
02
#14370000
b0 O
0$
0>
b1100110 "
b1100110 A
b1100110 P
b1011 !
b1011 @
b1011 N
b1 \
b11000 [
0#
0=
b1100110 8
b1100110 6
b10 i
12
#14380000
02
#14390000
1]
1)
1E
b11000 *
b11000 :
b11000 F
b11000 X
b11000 ^
1$
1>
b10 i
12
#14400000
02
#14410000
0]
b11 g
b10 \
0)
0E
b1100111 5
b10 i
12
#14420000
02
#14430000
b10 i
12
#14440000
02
#14450000
1'
1C
b10100101010110101010010100001101 (
b10100101010110101010010100001101 ;
b10100101010110101010010100001101 D
b10100101010110101010010100001101 Q
b10100101010110101010010100001101 f
b10 i
12
#14460000
02
#14470000
b11 \
b10100101010110101010010100001101 Z
0'
0C
b1100111 4
b1100111 9
b10 i
12
#14480000
02
#14490000
1#
1=
b1101 %
b1101 <
b1101 ?
b1101 L
b1101 Y
b10 i
12
#14500000
02
#14510000
b1 \
b11100 [
0#
0=
b1 O
b1100111 "
b1100111 A
b1100111 P
b1101 !
b1101 @
b1101 N
b1100111 8
b1100111 6
b10 i
12
#14520000
02
#14530000
1]
1)
1E
b11100 *
b11100 :
b11100 F
b11100 X
b11100 ^
b10 i
12
#14540000
02
#14550000
0]
b10 \
0)
0E
b0 g
1&
1B
b1101000 5
b10 i
12
#14560000
02
#14570000
0&
0B
b10 i
12
#14580000
02
#14590000
1'
1C
b10100101010110101010010100001111 (
b10100101010110101010010100001111 ;
b10100101010110101010010100001111 D
b10100101010110101010010100001111 Q
b10100101010110101010010100001111 f
b10 i
12
#14600000
02
#14610000
0'
0C
b11 \
b10100101010110101010010100001111 Z
b1101000 4
b1101000 9
b10 i
12
#14620000
02
#14630000
1#
1=
b1111 %
b1111 <
b1111 ?
b1111 L
b1111 Y
b10 i
12
#14640000
02
#14650000
b10 O
b1101000 "
b1101000 A
b1101000 P
b1111 !
b1111 @
b1111 N
b1 \
b100000 [
0#
0=
b1101000 8
b1101000 6
b10 i
12
#14660000
02
#14670000
1]
1)
1E
b100000 *
b100000 :
b100000 F
b100000 X
b100000 ^
b10 i
12
#14680000
02
#14690000
0]
b1 g
b10 \
0)
0E
b1101001 5
b10 i
12
#14700000
02
#14710000
b10 i
12
#14720000
02
#14730000
1'
1C
b10100101010110101010010100010001 (
b10100101010110101010010100010001 ;
b10100101010110101010010100010001 D
b10100101010110101010010100010001 Q
b10100101010110101010010100010001 f
b10 i
12
#14740000
02
#14750000
b11 \
b10100101010110101010010100010001 Z
0'
0C
b1101001 4
b1101001 9
b10 i
12
#14760000
02
#14770000
1#
1=
b10001 %
b10001 <
b10001 ?
b10001 L
b10001 Y
b10 i
12
#14780000
02
#14790000
b1 \
b100100 [
0#
0=
b0 O
0$
0>
b1101001 "
b1101001 A
b1101001 P
b10001 !
b10001 @
b10001 N
b1101001 8
b1101001 6
b10 i
12
#14800000
02
#14810000
1]
1$
1>
1)
1E
b100100 *
b100100 :
b100100 F
b100100 X
b100100 ^
b10 i
12
#14820000
02
#14830000
0]
b10 \
0)
0E
b10 g
b1101010 5
b10 i
12
#14840000
02
#14850000
b10 i
12
#14860000
02
#14870000
1'
1C
b10100101010110101010010100010011 (
b10100101010110101010010100010011 ;
b10100101010110101010010100010011 D
b10100101010110101010010100010011 Q
b10100101010110101010010100010011 f
b10 i
12
#14880000
02
#14890000
0'
0C
b11 \
b10100101010110101010010100010011 Z
b1101010 4
b1101010 9
b10 i
12
#14900000
02
#14910000
1#
1=
b10011 %
b10011 <
b10011 ?
b10011 L
b10011 Y
b10 i
12
#14920000
02
#14930000
b1 O
b1101010 "
b1101010 A
b1101010 P
b10011 !
b10011 @
b10011 N
b1 \
b101000 [
0#
0=
b1101010 8
b1101010 6
b10 i
12
#14940000
02
#14950000
1]
1)
1E
b101000 *
b101000 :
b101000 F
b101000 X
b101000 ^
b10 i
12
#14960000
02
#14970000
0]
b11 g
b10 \
0)
0E
b1101011 5
b10 i
12
#14980000
02
#14990000
b10 i
12
#15000000
02
#15010000
1'
1C
b10100101010110101010010100010101 (
b10100101010110101010010100010101 ;
b10100101010110101010010100010101 D
b10100101010110101010010100010101 Q
b10100101010110101010010100010101 f
b10 i
12
#15020000
02
#15030000
b11 \
b10100101010110101010010100010101 Z
0'
0C
b1101011 4
b1101011 9
b10 i
12
#15040000
02
#15050000
1#
1=
b10101 %
b10101 <
b10101 ?
b10101 L
b10101 Y
b10 i
12
#15060000
02
#15070000
b1 \
b101100 [
0#
0=
b10 O
b1101011 "
b1101011 A
b1101011 P
b10101 !
b10101 @
b10101 N
b1101011 8
b1101011 6
b10 i
12
#15080000
02
#15090000
1]
1)
1E
b101100 *
b101100 :
b101100 F
b101100 X
b101100 ^
b10 i
12
#15100000
02
#15110000
0]
b10 \
0)
0E
b0 g
1&
1B
b1101100 5
b10 i
12
#15120000
02
#15130000
0&
0B
b10 i
12
#15140000
02
#15150000
1'
1C
b10100101010110101010010100010111 (
b10100101010110101010010100010111 ;
b10100101010110101010010100010111 D
b10100101010110101010010100010111 Q
b10100101010110101010010100010111 f
b10 i
12
#15160000
02
#15170000
0'
0C
b11 \
b10100101010110101010010100010111 Z
b1101100 4
b1101100 9
b10 i
12
#15180000
02
#15190000
1#
1=
b10111 %
b10111 <
b10111 ?
b10111 L
b10111 Y
b10 i
12
#15200000
02
#15210000
b0 O
0$
0>
b1101100 "
b1101100 A
b1101100 P
b10111 !
b10111 @
b10111 N
b1 \
b110000 [
0#
0=
b1101100 8
b1101100 6
b10 i
12
#15220000
02
#15230000
1]
1)
1E
b110000 *
b110000 :
b110000 F
b110000 X
b110000 ^
1$
1>
b10 i
12
#15240000
02
#15250000
0]
b1 g
b10 \
0)
0E
b1101101 5
b10 i
12
#15260000
02
#15270000
b10 i
12
#15280000
02
#15290000
1'
1C
b10100101010110101010010100011001 (
b10100101010110101010010100011001 ;
b10100101010110101010010100011001 D
b10100101010110101010010100011001 Q
b10100101010110101010010100011001 f
b10 i
12
#15300000
02
#15310000
b11 \
b10100101010110101010010100011001 Z
0'
0C
b1101101 4
b1101101 9
b10 i
12
#15320000
02
#15330000
1#
1=
b11001 %
b11001 <
b11001 ?
b11001 L
b11001 Y
b10 i
12
#15340000
02
#15350000
b1 \
b110100 [
0#
0=
b1 O
b1101101 "
b1101101 A
b1101101 P
b11001 !
b11001 @
b11001 N
b1101101 8
b1101101 6
b10 i
12
#15360000
02
#15370000
1]
1)
1E
b110100 *
b110100 :
b110100 F
b110100 X
b110100 ^
b10 i
12
#15380000
02
#15390000
0]
b10 \
0)
0E
b10 g
b1101110 5
b10 i
12
#15400000
02
#15410000
b10 i
12
#15420000
02
#15430000
1'
1C
b10100101010110101010010100011011 (
b10100101010110101010010100011011 ;
b10100101010110101010010100011011 D
b10100101010110101010010100011011 Q
b10100101010110101010010100011011 f
b10 i
12
#15440000
02
#15450000
0'
0C
b11 \
b10100101010110101010010100011011 Z
b1101110 4
b1101110 9
b10 i
12
#15460000
02
#15470000
1#
1=
b11011 %
b11011 <
b11011 ?
b11011 L
b11011 Y
b10 i
12
#15480000
02
#15490000
b10 O
b1101110 "
b1101110 A
b1101110 P
b11011 !
b11011 @
b11011 N
b1 \
b111000 [
0#
0=
b1101110 8
b1101110 6
b10 i
12
#15500000
02
#15510000
1]
1)
1E
b111000 *
b111000 :
b111000 F
b111000 X
b111000 ^
b10 i
12
#15520000
02
#15530000
0]
b11 g
b10 \
0)
0E
b1101111 5
b10 i
12
#15540000
02
#15550000
b10 i
12
#15560000
02
#15570000
1'
1C
b10100101010110101010010100011101 (
b10100101010110101010010100011101 ;
b10100101010110101010010100011101 D
b10100101010110101010010100011101 Q
b10100101010110101010010100011101 f
b10 i
12
#15580000
02
#15590000
b11 \
b10100101010110101010010100011101 Z
0'
0C
b1101111 4
b1101111 9
b10 i
12
#15600000
02
#15610000
1#
1=
b11101 %
b11101 <
b11101 ?
b11101 L
b11101 Y
b10 i
12
#15620000
02
#15630000
b1 \
b111100 [
0#
0=
b0 O
0$
0>
b1101111 "
b1101111 A
b1101111 P
b11101 !
b11101 @
b11101 N
b1101111 8
b1101111 6
b10 i
12
#15640000
02
#15650000
1]
1$
1>
1)
1E
b111100 *
b111100 :
b111100 F
b111100 X
b111100 ^
b10 i
12
#15660000
02
#15670000
0]
b10 \
0)
0E
b0 g
1&
1B
b1110000 5
b10 i
12
#15680000
02
#15690000
0&
0B
b10 i
12
#15700000
02
#15710000
1'
1C
b10100101010110101010010100011111 (
b10100101010110101010010100011111 ;
b10100101010110101010010100011111 D
b10100101010110101010010100011111 Q
b10100101010110101010010100011111 f
b10 i
12
#15720000
02
#15730000
0'
0C
b11 \
b10100101010110101010010100011111 Z
b1110000 4
b1110000 9
b10 i
12
#15740000
02
#15750000
1#
1=
b11111 %
b11111 <
b11111 ?
b11111 L
b11111 Y
b10 i
12
#15760000
02
#15770000
b1 O
b1110000 "
b1110000 A
b1110000 P
b11111 !
b11111 @
b11111 N
b1 \
b0 [
0#
0=
b1110000 8
b1110000 6
b10 i
12
#15780000
02
#15790000
1]
1)
1E
b0 *
b0 :
b0 F
b0 X
b0 ^
b10 i
12
#15800000
02
#15810000
0]
b1 g
b10 \
0)
0E
b1110001 5
b10 i
12
#15820000
02
#15830000
b10 i
12
#15840000
02
#15850000
1'
1C
b10100101010110101010010100000001 (
b10100101010110101010010100000001 ;
b10100101010110101010010100000001 D
b10100101010110101010010100000001 Q
b10100101010110101010010100000001 f
b10 i
12
#15860000
02
#15870000
b11 \
b10100101010110101010010100000001 Z
0'
0C
b1110001 4
b1110001 9
b10 i
12
#15880000
02
#15890000
1#
1=
b1 %
b1 <
b1 ?
b1 L
b1 Y
b10 i
12
#15900000
02
#15910000
b1 \
b100 [
0#
0=
b10 O
b1110001 "
b1110001 A
b1110001 P
b1 !
b1 @
b1 N
b1110001 8
b1110001 6
b10 i
12
#15920000
02
#15930000
1]
1)
1E
b100 *
b100 :
b100 F
b100 X
b100 ^
b10 i
12
#15940000
02
#15950000
0]
b10 \
0)
0E
b10 g
b1110010 5
b10 i
12
#15960000
02
#15970000
b10 i
12
#15980000
02
#15990000
1'
1C
b10100101010110101010010100000011 (
b10100101010110101010010100000011 ;
b10100101010110101010010100000011 D
b10100101010110101010010100000011 Q
b10100101010110101010010100000011 f
b10 i
12
#16000000
02
#16010000
0'
0C
b11 \
b10100101010110101010010100000011 Z
b1110010 4
b1110010 9
b10 i
12
#16020000
02
#16030000
1#
1=
b11 %
b11 <
b11 ?
b11 L
b11 Y
b10 i
12
#16040000
02
#16050000
b0 O
0$
0>
b1110010 "
b1110010 A
b1110010 P
b11 !
b11 @
b11 N
b1 \
b1000 [
0#
0=
b1110010 8
b1110010 6
b10 i
12
#16060000
02
#16070000
1]
1)
1E
b1000 *
b1000 :
b1000 F
b1000 X
b1000 ^
1$
1>
b10 i
12
#16080000
02
#16090000
0]
b11 g
b10 \
0)
0E
b1110011 5
b10 i
12
#16100000
02
#16110000
b10 i
12
#16120000
02
#16130000
1'
1C
b10100101010110101010010100000101 (
b10100101010110101010010100000101 ;
b10100101010110101010010100000101 D
b10100101010110101010010100000101 Q
b10100101010110101010010100000101 f
b10 i
12
#16140000
02
#16150000
b11 \
b10100101010110101010010100000101 Z
0'
0C
b1110011 4
b1110011 9
b10 i
12
#16160000
02
#16170000
1#
1=
b101 %
b101 <
b101 ?
b101 L
b101 Y
b10 i
12
#16180000
02
#16190000
b1 \
b1100 [
0#
0=
b1 O
b1110011 "
b1110011 A
b1110011 P
b101 !
b101 @
b101 N
b1110011 8
b1110011 6
b10 i
12
#16200000
02
#16210000
1]
1)
1E
b1100 *
b1100 :
b1100 F
b1100 X
b1100 ^
b10 i
12
#16220000
02
#16230000
0]
b10 \
0)
0E
b0 g
1&
1B
b1110100 5
b10 i
12
#16240000
02
#16250000
0&
0B
b10 i
12
#16260000
02
#16270000
1'
1C
b10100101010110101010010100000111 (
b10100101010110101010010100000111 ;
b10100101010110101010010100000111 D
b10100101010110101010010100000111 Q
b10100101010110101010010100000111 f
b10 i
12
#16280000
02
#16290000
0'
0C
b11 \
b10100101010110101010010100000111 Z
b1110100 4
b1110100 9
b10 i
12
#16300000
02
#16310000
1#
1=
b111 %
b111 <
b111 ?
b111 L
b111 Y
b10 i
12
#16320000
02
#16330000
b10 O
b1110100 "
b1110100 A
b1110100 P
b111 !
b111 @
b111 N
b1 \
b10000 [
0#
0=
b1110100 8
b1110100 6
b10 i
12
#16340000
02
#16350000
1]
1)
1E
b10000 *
b10000 :
b10000 F
b10000 X
b10000 ^
b10 i
12
#16360000
02
#16370000
0]
b1 g
b10 \
0)
0E
b1110101 5
b10 i
12
#16380000
02
#16390000
b10 i
12
#16400000
02
#16410000
1'
1C
b10100101010110101010010100001001 (
b10100101010110101010010100001001 ;
b10100101010110101010010100001001 D
b10100101010110101010010100001001 Q
b10100101010110101010010100001001 f
b10 i
12
#16420000
02
#16430000
b11 \
b10100101010110101010010100001001 Z
0'
0C
b1110101 4
b1110101 9
b10 i
12
#16440000
02
#16450000
1#
1=
b1001 %
b1001 <
b1001 ?
b1001 L
b1001 Y
b10 i
12
#16460000
02
#16470000
b1 \
b10100 [
0#
0=
b0 O
0$
0>
b1110101 "
b1110101 A
b1110101 P
b1001 !
b1001 @
b1001 N
b1110101 8
b1110101 6
b10 i
12
#16480000
02
#16490000
1]
1$
1>
1)
1E
b10100 *
b10100 :
b10100 F
b10100 X
b10100 ^
b10 i
12
#16500000
02
#16510000
0]
b10 \
0)
0E
b10 g
b1110110 5
b10 i
12
#16520000
02
#16530000
b10 i
12
#16540000
02
#16550000
1'
1C
b10100101010110101010010100001011 (
b10100101010110101010010100001011 ;
b10100101010110101010010100001011 D
b10100101010110101010010100001011 Q
b10100101010110101010010100001011 f
b10 i
12
#16560000
02
#16570000
0'
0C
b11 \
b10100101010110101010010100001011 Z
b1110110 4
b1110110 9
b10 i
12
#16580000
02
#16590000
1#
1=
b1011 %
b1011 <
b1011 ?
b1011 L
b1011 Y
b10 i
12
#16600000
02
#16610000
b1 O
b1110110 "
b1110110 A
b1110110 P
b1011 !
b1011 @
b1011 N
b1 \
b11000 [
0#
0=
b1110110 8
b1110110 6
b10 i
12
#16620000
02
#16630000
1]
1)
1E
b11000 *
b11000 :
b11000 F
b11000 X
b11000 ^
b10 i
12
#16640000
02
#16650000
0]
b11 g
b10 \
0)
0E
b1110111 5
b10 i
12
#16660000
02
#16670000
b10 i
12
#16680000
02
#16690000
1'
1C
b10100101010110101010010100001101 (
b10100101010110101010010100001101 ;
b10100101010110101010010100001101 D
b10100101010110101010010100001101 Q
b10100101010110101010010100001101 f
b10 i
12
#16700000
02
#16710000
b11 \
b10100101010110101010010100001101 Z
0'
0C
b1110111 4
b1110111 9
b10 i
12
#16720000
02
#16730000
1#
1=
b1101 %
b1101 <
b1101 ?
b1101 L
b1101 Y
b10 i
12
#16740000
02
#16750000
b1 \
b11100 [
0#
0=
b10 O
b1110111 "
b1110111 A
b1110111 P
b1101 !
b1101 @
b1101 N
b1110111 8
b1110111 6
b10 i
12
#16760000
02
#16770000
1]
1)
1E
b11100 *
b11100 :
b11100 F
b11100 X
b11100 ^
b10 i
12
#16780000
02
#16790000
0]
b10 \
0)
0E
b0 g
1&
1B
b1111000 5
b10 i
12
#16800000
02
#16810000
0&
0B
b10 i
12
#16820000
02
#16830000
1'
1C
b10100101010110101010010100001111 (
b10100101010110101010010100001111 ;
b10100101010110101010010100001111 D
b10100101010110101010010100001111 Q
b10100101010110101010010100001111 f
b10 i
12
#16840000
02
#16850000
0'
0C
b11 \
b10100101010110101010010100001111 Z
b1111000 4
b1111000 9
b10 i
12
#16860000
02
#16870000
1#
1=
b1111 %
b1111 <
b1111 ?
b1111 L
b1111 Y
b10 i
12
#16880000
02
#16890000
b0 O
0$
0>
b1111000 "
b1111000 A
b1111000 P
b1111 !
b1111 @
b1111 N
b1 \
b100000 [
0#
0=
b1111000 8
b1111000 6
b10 i
12
#16900000
02
#16910000
1]
1)
1E
b100000 *
b100000 :
b100000 F
b100000 X
b100000 ^
1$
1>
b10 i
12
#16920000
02
#16930000
0]
b1 g
b10 \
0)
0E
b1111001 5
b10 i
12
#16940000
02
#16950000
b10 i
12
#16960000
02
#16970000
1'
1C
b10100101010110101010010100010001 (
b10100101010110101010010100010001 ;
b10100101010110101010010100010001 D
b10100101010110101010010100010001 Q
b10100101010110101010010100010001 f
b10 i
12
#16980000
02
#16990000
b11 \
b10100101010110101010010100010001 Z
0'
0C
b1111001 4
b1111001 9
b10 i
12
#17000000
02
#17010000
1#
1=
b10001 %
b10001 <
b10001 ?
b10001 L
b10001 Y
b10 i
12
#17020000
02
#17030000
b1 \
b100100 [
0#
0=
b1 O
b1111001 "
b1111001 A
b1111001 P
b10001 !
b10001 @
b10001 N
b1111001 8
b1111001 6
b10 i
12
#17040000
02
#17050000
1]
1)
1E
b100100 *
b100100 :
b100100 F
b100100 X
b100100 ^
b10 i
12
#17060000
02
#17070000
0]
b10 \
0)
0E
b10 g
b1111010 5
b10 i
12
#17080000
02
#17090000
b10 i
12
#17100000
02
#17110000
1'
1C
b10100101010110101010010100010011 (
b10100101010110101010010100010011 ;
b10100101010110101010010100010011 D
b10100101010110101010010100010011 Q
b10100101010110101010010100010011 f
b10 i
12
#17120000
02
#17130000
0'
0C
b11 \
b10100101010110101010010100010011 Z
b1111010 4
b1111010 9
b10 i
12
#17140000
02
#17150000
1#
1=
b10011 %
b10011 <
b10011 ?
b10011 L
b10011 Y
b10 i
12
#17160000
02
#17170000
b10 O
b1111010 "
b1111010 A
b1111010 P
b10011 !
b10011 @
b10011 N
b1 \
b101000 [
0#
0=
b1111010 8
b1111010 6
b10 i
12
#17180000
02
#17190000
1]
1)
1E
b101000 *
b101000 :
b101000 F
b101000 X
b101000 ^
b10 i
12
#17200000
02
#17210000
0]
b11 g
b10 \
0)
0E
b1111011 5
b10 i
12
#17220000
02
#17230000
b10 i
12
#17240000
02
#17250000
1'
1C
b10100101010110101010010100010101 (
b10100101010110101010010100010101 ;
b10100101010110101010010100010101 D
b10100101010110101010010100010101 Q
b10100101010110101010010100010101 f
b10 i
12
#17260000
02
#17270000
b11 \
b10100101010110101010010100010101 Z
0'
0C
b1111011 4
b1111011 9
b10 i
12
#17280000
02
#17290000
1#
1=
b10101 %
b10101 <
b10101 ?
b10101 L
b10101 Y
b10 i
12
#17300000
02
#17310000
b1 \
b101100 [
0#
0=
b0 O
0$
0>
b1111011 "
b1111011 A
b1111011 P
b10101 !
b10101 @
b10101 N
b1111011 8
b1111011 6
b10 i
12
#17320000
02
#17330000
1]
1$
1>
1)
1E
b101100 *
b101100 :
b101100 F
b101100 X
b101100 ^
b10 i
12
#17340000
02
#17350000
0]
b10 \
0)
0E
b0 g
1&
1B
b1111100 5
b10 i
12
#17360000
02
#17370000
0&
0B
b10 i
12
#17380000
02
#17390000
1'
1C
b10100101010110101010010100010111 (
b10100101010110101010010100010111 ;
b10100101010110101010010100010111 D
b10100101010110101010010100010111 Q
b10100101010110101010010100010111 f
b10 i
12
#17400000
02
#17410000
0'
0C
b11 \
b10100101010110101010010100010111 Z
b1111100 4
b1111100 9
b10 i
12
#17420000
02
#17430000
1#
1=
b10111 %
b10111 <
b10111 ?
b10111 L
b10111 Y
b10 i
12
#17440000
02
#17450000
b1 O
b1111100 "
b1111100 A
b1111100 P
b10111 !
b10111 @
b10111 N
b1 \
b110000 [
0#
0=
b1111100 8
b1111100 6
b10 i
12
#17460000
02
#17470000
1]
1)
1E
b110000 *
b110000 :
b110000 F
b110000 X
b110000 ^
b10 i
12
#17480000
02
#17490000
0]
b1 g
b10 \
0)
0E
b1111101 5
b10 i
12
#17500000
02
#17510000
b10 i
12
#17520000
02
#17530000
1'
1C
b10100101010110101010010100011001 (
b10100101010110101010010100011001 ;
b10100101010110101010010100011001 D
b10100101010110101010010100011001 Q
b10100101010110101010010100011001 f
b10 i
12
#17540000
02
#17550000
b11 \
b10100101010110101010010100011001 Z
0'
0C
b1111101 4
b1111101 9
b10 i
12
#17560000
02
#17570000
1#
1=
b11001 %
b11001 <
b11001 ?
b11001 L
b11001 Y
b10 i
12
#17580000
02
#17590000
b1 \
b110100 [
0#
0=
b10 O
b1111101 "
b1111101 A
b1111101 P
b11001 !
b11001 @
b11001 N
b1111101 8
b1111101 6
b10 i
12
#17600000
02
#17610000
1]
1)
1E
b110100 *
b110100 :
b110100 F
b110100 X
b110100 ^
b10 i
12
#17620000
02
#17630000
0]
b10 \
0)
0E
b10 g
b1111110 5
b10 i
12
#17640000
02
#17650000
b10 i
12
#17660000
02
#17670000
1'
1C
b10100101010110101010010100011011 (
b10100101010110101010010100011011 ;
b10100101010110101010010100011011 D
b10100101010110101010010100011011 Q
b10100101010110101010010100011011 f
b10 i
12
#17680000
02
#17690000
0'
0C
b11 \
b10100101010110101010010100011011 Z
b1111110 4
b1111110 9
b10 i
12
#17700000
02
#17710000
1#
1=
b11011 %
b11011 <
b11011 ?
b11011 L
b11011 Y
b10 i
12
#17720000
02
#17730000
b0 O
0$
0>
b1111110 "
b1111110 A
b1111110 P
b11011 !
b11011 @
b11011 N
b1 \
b111000 [
0#
0=
b1111110 8
b1111110 6
b10 i
12
#17740000
02
#17750000
1]
1)
1E
b111000 *
b111000 :
b111000 F
b111000 X
b111000 ^
1$
1>
b10 i
12
#17760000
02
#17770000
0]
b11 g
b10 \
0)
0E
b1111111 5
b10 i
12
#17780000
02
#17790000
b10 i
12
#17800000
02
#17810000
1'
1C
b10100101010110101010010100011101 (
b10100101010110101010010100011101 ;
b10100101010110101010010100011101 D
b10100101010110101010010100011101 Q
b10100101010110101010010100011101 f
b10 i
12
#17820000
02
#17830000
b11 \
b10100101010110101010010100011101 Z
0'
0C
b1111111 4
b1111111 9
b10 i
12
#17840000
02
#17850000
1#
1=
b11101 %
b11101 <
b11101 ?
b11101 L
b11101 Y
b10 i
12
#17860000
02
#17870000
b1 \
b111100 [
0#
0=
b1 O
b1111111 "
b1111111 A
b1111111 P
b11101 !
b11101 @
b11101 N
b1111111 8
b1111111 6
b10 i
12
#17880000
02
#17890000
1]
1)
1E
b111100 *
b111100 :
b111100 F
b111100 X
b111100 ^
b10 i
12
#17900000
02
#17910000
0]
b10 \
0)
0E
b0 g
1&
1B
b10000000 5
b10 i
12
#17920000
02
#17930000
0&
0B
b10 i
12
#17940000
02
#17950000
1'
1C
b10100101010110101010010100011111 (
b10100101010110101010010100011111 ;
b10100101010110101010010100011111 D
b10100101010110101010010100011111 Q
b10100101010110101010010100011111 f
b10 i
12
#17960000
02
#17970000
0'
0C
b11 \
b10100101010110101010010100011111 Z
b10000000 4
b10000000 9
b10 i
12
#17980000
02
#17990000
1#
1=
b11111 %
b11111 <
b11111 ?
b11111 L
b11111 Y
b10 i
12
#18000000
02
#18010000
b10 O
b10000000 "
b10000000 A
b10000000 P
b11111 !
b11111 @
b11111 N
b1 \
b0 [
0#
0=
b10000000 8
b10000000 6
b10 i
12
#18020000
02
#18030000
1]
1)
1E
b0 *
b0 :
b0 F
b0 X
b0 ^
b10 i
12
#18040000
02
#18050000
0]
b1 g
b10 \
0)
0E
b10000001 5
b10 i
12
#18060000
02
#18070000
b10 i
12
#18080000
02
#18090000
1'
1C
b10100101010110101010010100000001 (
b10100101010110101010010100000001 ;
b10100101010110101010010100000001 D
b10100101010110101010010100000001 Q
b10100101010110101010010100000001 f
b10 i
12
#18100000
02
#18110000
b11 \
b10100101010110101010010100000001 Z
0'
0C
b10000001 4
b10000001 9
b10 i
12
#18120000
02
#18130000
1#
1=
b1 %
b1 <
b1 ?
b1 L
b1 Y
b10 i
12
#18140000
02
#18150000
b1 \
b100 [
0#
0=
b0 O
0$
0>
b10000001 "
b10000001 A
b10000001 P
b1 !
b1 @
b1 N
b10000001 8
b10000001 6
b10 i
12
#18160000
02
#18170000
1]
1$
1>
1)
1E
b100 *
b100 :
b100 F
b100 X
b100 ^
b10 i
12
#18180000
02
#18190000
0]
b10 \
0)
0E
b10 g
b10000010 5
b10 i
12
#18200000
02
#18210000
b10 i
12
#18220000
02
#18230000
1'
1C
b10100101010110101010010100000011 (
b10100101010110101010010100000011 ;
b10100101010110101010010100000011 D
b10100101010110101010010100000011 Q
b10100101010110101010010100000011 f
b10 i
12
#18240000
02
#18250000
0'
0C
b11 \
b10100101010110101010010100000011 Z
b10000010 4
b10000010 9
b10 i
12
#18260000
02
#18270000
1#
1=
b11 %
b11 <
b11 ?
b11 L
b11 Y
b10 i
12
#18280000
02
#18290000
b1 O
b10000010 "
b10000010 A
b10000010 P
b11 !
b11 @
b11 N
b1 \
b1000 [
0#
0=
b10000010 8
b10000010 6
b10 i
12
#18300000
02
#18310000
1]
1)
1E
b1000 *
b1000 :
b1000 F
b1000 X
b1000 ^
b10 i
12
#18320000
02
#18330000
0]
b11 g
b10 \
0)
0E
b10000011 5
b10 i
12
#18340000
02
#18350000
b10 i
12
#18360000
02
#18370000
1'
1C
b10100101010110101010010100000101 (
b10100101010110101010010100000101 ;
b10100101010110101010010100000101 D
b10100101010110101010010100000101 Q
b10100101010110101010010100000101 f
b10 i
12
#18380000
02
#18390000
b11 \
b10100101010110101010010100000101 Z
0'
0C
b10000011 4
b10000011 9
b10 i
12
#18400000
02
#18410000
1#
1=
b101 %
b101 <
b101 ?
b101 L
b101 Y
b10 i
12
#18420000
02
#18430000
b1 \
b1100 [
0#
0=
b10 O
b10000011 "
b10000011 A
b10000011 P
b101 !
b101 @
b101 N
b10000011 8
b10000011 6
b10 i
12
#18440000
02
#18450000
1]
1)
1E
b1100 *
b1100 :
b1100 F
b1100 X
b1100 ^
b10 i
12
#18460000
02
#18470000
0]
b10 \
0)
0E
b0 g
1&
1B
b10000100 5
b10 i
12
#18480000
02
#18490000
0&
0B
b10 i
12
#18500000
02
#18510000
1'
1C
b10100101010110101010010100000111 (
b10100101010110101010010100000111 ;
b10100101010110101010010100000111 D
b10100101010110101010010100000111 Q
b10100101010110101010010100000111 f
b10 i
12
#18520000
02
#18530000
0'
0C
b11 \
b10100101010110101010010100000111 Z
b10000100 4
b10000100 9
b10 i
12
#18540000
02
#18550000
1#
1=
b111 %
b111 <
b111 ?
b111 L
b111 Y
b10 i
12
#18560000
02
#18570000
b0 O
0$
0>
b10000100 "
b10000100 A
b10000100 P
b111 !
b111 @
b111 N
b1 \
b10000 [
0#
0=
b10000100 8
b10000100 6
b10 i
12
#18580000
02
#18590000
1]
1)
1E
b10000 *
b10000 :
b10000 F
b10000 X
b10000 ^
1$
1>
b10 i
12
#18600000
02
#18610000
0]
b1 g
b10 \
0)
0E
b10000101 5
b10 i
12
#18620000
02
#18630000
b10 i
12
#18640000
02
#18650000
1'
1C
b10100101010110101010010100001001 (
b10100101010110101010010100001001 ;
b10100101010110101010010100001001 D
b10100101010110101010010100001001 Q
b10100101010110101010010100001001 f
b10 i
12
#18660000
02
#18670000
b11 \
b10100101010110101010010100001001 Z
0'
0C
b10000101 4
b10000101 9
b10 i
12
#18680000
02
#18690000
1#
1=
b1001 %
b1001 <
b1001 ?
b1001 L
b1001 Y
b10 i
12
#18700000
02
#18710000
b1 \
b10100 [
0#
0=
b1 O
b10000101 "
b10000101 A
b10000101 P
b1001 !
b1001 @
b1001 N
b10000101 8
b10000101 6
b10 i
12
#18720000
02
#18730000
1]
1)
1E
b10100 *
b10100 :
b10100 F
b10100 X
b10100 ^
b10 i
12
#18740000
02
#18750000
0]
b10 \
0)
0E
b10 g
b10000110 5
b10 i
12
#18760000
02
#18770000
b10 i
12
#18780000
02
#18790000
1'
1C
b10100101010110101010010100001011 (
b10100101010110101010010100001011 ;
b10100101010110101010010100001011 D
b10100101010110101010010100001011 Q
b10100101010110101010010100001011 f
b10 i
12
#18800000
02
#18810000
0'
0C
b11 \
b10100101010110101010010100001011 Z
b10000110 4
b10000110 9
b10 i
12
#18820000
02
#18830000
1#
1=
b1011 %
b1011 <
b1011 ?
b1011 L
b1011 Y
b10 i
12
#18840000
02
#18850000
b10 O
b10000110 "
b10000110 A
b10000110 P
b1011 !
b1011 @
b1011 N
b1 \
b11000 [
0#
0=
b10000110 8
b10000110 6
b10 i
12
#18860000
02
#18870000
1]
1)
1E
b11000 *
b11000 :
b11000 F
b11000 X
b11000 ^
b10 i
12
#18880000
02
#18890000
0]
b11 g
b10 \
0)
0E
b10000111 5
b10 i
12
#18900000
02
#18910000
b10 i
12
#18920000
02
#18930000
1'
1C
b10100101010110101010010100001101 (
b10100101010110101010010100001101 ;
b10100101010110101010010100001101 D
b10100101010110101010010100001101 Q
b10100101010110101010010100001101 f
b10 i
12
#18940000
02
#18950000
b11 \
b10100101010110101010010100001101 Z
0'
0C
b10000111 4
b10000111 9
b10 i
12
#18960000
02
#18970000
1#
1=
b1101 %
b1101 <
b1101 ?
b1101 L
b1101 Y
b10 i
12
#18980000
02
#18990000
b1 \
b11100 [
0#
0=
b0 O
0$
0>
b10000111 "
b10000111 A
b10000111 P
b1101 !
b1101 @
b1101 N
b10000111 8
b10000111 6
b10 i
12
#19000000
02
#19010000
1]
1$
1>
1)
1E
b11100 *
b11100 :
b11100 F
b11100 X
b11100 ^
b10 i
12
#19020000
02
#19030000
0]
b10 \
0)
0E
b0 g
1&
1B
b10001000 5
b10 i
12
#19040000
02
#19050000
0&
0B
b10 i
12
#19060000
02
#19070000
1'
1C
b10100101010110101010010100001111 (
b10100101010110101010010100001111 ;
b10100101010110101010010100001111 D
b10100101010110101010010100001111 Q
b10100101010110101010010100001111 f
b10 i
12
#19080000
02
#19090000
0'
0C
b11 \
b10100101010110101010010100001111 Z
b10001000 4
b10001000 9
b10 i
12
#19100000
02
#19110000
1#
1=
b1111 %
b1111 <
b1111 ?
b1111 L
b1111 Y
b10 i
12
#19120000
02
#19130000
b1 O
b10001000 "
b10001000 A
b10001000 P
b1111 !
b1111 @
b1111 N
b1 \
b100000 [
0#
0=
b10001000 8
b10001000 6
b10 i
12
#19140000
02
#19150000
1]
1)
1E
b100000 *
b100000 :
b100000 F
b100000 X
b100000 ^
b10 i
12
#19160000
02
#19170000
0]
b1 g
b10 \
0)
0E
b10001001 5
b10 i
12
#19180000
02
#19190000
b10 i
12
#19200000
02
#19210000
1'
1C
b10100101010110101010010100010001 (
b10100101010110101010010100010001 ;
b10100101010110101010010100010001 D
b10100101010110101010010100010001 Q
b10100101010110101010010100010001 f
b10 i
12
#19220000
02
#19230000
b11 \
b10100101010110101010010100010001 Z
0'
0C
b10001001 4
b10001001 9
b10 i
12
#19240000
02
#19250000
1#
1=
b10001 %
b10001 <
b10001 ?
b10001 L
b10001 Y
b10 i
12
#19260000
02
#19270000
b1 \
b100100 [
0#
0=
b10 O
b10001001 "
b10001001 A
b10001001 P
b10001 !
b10001 @
b10001 N
b10001001 8
b10001001 6
b10 i
12
#19280000
02
#19290000
1]
1)
1E
b100100 *
b100100 :
b100100 F
b100100 X
b100100 ^
b10 i
12
#19300000
02
#19310000
0]
b10 \
0)
0E
b10 g
b10001010 5
b10 i
12
#19320000
02
#19330000
b10 i
12
#19340000
02
#19350000
1'
1C
b10100101010110101010010100010011 (
b10100101010110101010010100010011 ;
b10100101010110101010010100010011 D
b10100101010110101010010100010011 Q
b10100101010110101010010100010011 f
b10 i
12
#19360000
02
#19370000
0'
0C
b11 \
b10100101010110101010010100010011 Z
b10001010 4
b10001010 9
b10 i
12
#19380000
02
#19390000
1#
1=
b10011 %
b10011 <
b10011 ?
b10011 L
b10011 Y
b10 i
12
#19400000
02
#19410000
b0 O
0$
0>
b10001010 "
b10001010 A
b10001010 P
b10011 !
b10011 @
b10011 N
b1 \
b101000 [
0#
0=
b10001010 8
b10001010 6
b10 i
12
#19420000
02
#19430000
1]
1)
1E
b101000 *
b101000 :
b101000 F
b101000 X
b101000 ^
1$
1>
b10 i
12
#19440000
02
#19450000
0]
b11 g
b10 \
0)
0E
b10001011 5
b10 i
12
#19460000
02
#19470000
b10 i
12
#19480000
02
#19490000
1'
1C
b10100101010110101010010100010101 (
b10100101010110101010010100010101 ;
b10100101010110101010010100010101 D
b10100101010110101010010100010101 Q
b10100101010110101010010100010101 f
b10 i
12
#19500000
02
#19510000
b11 \
b10100101010110101010010100010101 Z
0'
0C
b10001011 4
b10001011 9
b10 i
12
#19520000
02
#19530000
1#
1=
b10101 %
b10101 <
b10101 ?
b10101 L
b10101 Y
b10 i
12
#19540000
02
#19550000
b1 \
b101100 [
0#
0=
b1 O
b10001011 "
b10001011 A
b10001011 P
b10101 !
b10101 @
b10101 N
b10001011 8
b10001011 6
b10 i
12
#19560000
02
#19570000
1]
1)
1E
b101100 *
b101100 :
b101100 F
b101100 X
b101100 ^
b10 i
12
#19580000
02
#19590000
0]
b10 \
0)
0E
b0 g
1&
1B
b10001100 5
b10 i
12
#19600000
02
#19610000
0&
0B
b10 i
12
#19620000
02
#19630000
1'
1C
b10100101010110101010010100010111 (
b10100101010110101010010100010111 ;
b10100101010110101010010100010111 D
b10100101010110101010010100010111 Q
b10100101010110101010010100010111 f
b10 i
12
#19640000
02
#19650000
0'
0C
b11 \
b10100101010110101010010100010111 Z
b10001100 4
b10001100 9
b10 i
12
#19660000
02
#19670000
1#
1=
b10111 %
b10111 <
b10111 ?
b10111 L
b10111 Y
b10 i
12
#19680000
02
#19690000
b10 O
b10001100 "
b10001100 A
b10001100 P
b10111 !
b10111 @
b10111 N
b1 \
b110000 [
0#
0=
b10001100 8
b10001100 6
b10 i
12
#19700000
02
#19710000
1]
1)
1E
b110000 *
b110000 :
b110000 F
b110000 X
b110000 ^
b10 i
12
#19720000
02
#19730000
0]
b1 g
b10 \
0)
0E
b10001101 5
b10 i
12
#19740000
02
#19750000
b10 i
12
#19760000
02
#19770000
1'
1C
b10100101010110101010010100011001 (
b10100101010110101010010100011001 ;
b10100101010110101010010100011001 D
b10100101010110101010010100011001 Q
b10100101010110101010010100011001 f
b10 i
12
#19780000
02
#19790000
b11 \
b10100101010110101010010100011001 Z
0'
0C
b10001101 4
b10001101 9
b10 i
12
#19800000
02
#19810000
1#
1=
b11001 %
b11001 <
b11001 ?
b11001 L
b11001 Y
b10 i
12
#19820000
02
#19830000
b1 \
b110100 [
0#
0=
b0 O
0$
0>
b10001101 "
b10001101 A
b10001101 P
b11001 !
b11001 @
b11001 N
b10001101 8
b10001101 6
b10 i
12
#19840000
02
#19850000
1]
1$
1>
1)
1E
b110100 *
b110100 :
b110100 F
b110100 X
b110100 ^
b10 i
12
#19860000
02
#19870000
0]
b10 \
0)
0E
b10 g
b10001110 5
b10 i
12
#19880000
02
#19890000
b10 i
12
#19900000
02
#19910000
1'
1C
b10100101010110101010010100011011 (
b10100101010110101010010100011011 ;
b10100101010110101010010100011011 D
b10100101010110101010010100011011 Q
b10100101010110101010010100011011 f
b10 i
12
#19920000
02
#19930000
0'
0C
b11 \
b10100101010110101010010100011011 Z
b10001110 4
b10001110 9
b10 i
12
#19940000
02
#19950000
1#
1=
b11011 %
b11011 <
b11011 ?
b11011 L
b11011 Y
b10 i
12
#19960000
02
#19970000
b1 O
b10001110 "
b10001110 A
b10001110 P
b11011 !
b11011 @
b11011 N
b1 \
b111000 [
0#
0=
b10001110 8
b10001110 6
b10 i
12
#19980000
02
#19990000
1]
1)
1E
b111000 *
b111000 :
b111000 F
b111000 X
b111000 ^
b10 i
12
#20000000
02
#20010000
0]
b11 g
b10 \
0)
0E
b10001111 5
b10 i
12
#20020000
02
#20030000
b10 i
12
#20040000
02
#20050000
1'
1C
b10100101010110101010010100011101 (
b10100101010110101010010100011101 ;
b10100101010110101010010100011101 D
b10100101010110101010010100011101 Q
b10100101010110101010010100011101 f
b10 i
12
#20060000
02
#20070000
b11 \
b10100101010110101010010100011101 Z
0'
0C
b10001111 4
b10001111 9
b10 i
12
#20080000
02
#20090000
1#
1=
b11101 %
b11101 <
b11101 ?
b11101 L
b11101 Y
b10 i
12
#20100000
02
#20110000
b1 \
b111100 [
0#
0=
b10 O
b10001111 "
b10001111 A
b10001111 P
b11101 !
b11101 @
b11101 N
b10001111 8
b10001111 6
b10 i
12
#20120000
02
#20130000
1]
1)
1E
b111100 *
b111100 :
b111100 F
b111100 X
b111100 ^
b10 i
12
#20140000
02
#20150000
0]
b10 \
0)
0E
b0 g
1&
1B
b10010000 5
b10 i
12
#20160000
02
#20170000
0&
0B
b10 i
12
#20180000
02
#20190000
1'
1C
b10100101010110101010010100011111 (
b10100101010110101010010100011111 ;
b10100101010110101010010100011111 D
b10100101010110101010010100011111 Q
b10100101010110101010010100011111 f
b10 i
12
#20200000
02
#20210000
0'
0C
b11 \
b10100101010110101010010100011111 Z
b10010000 4
b10010000 9
b10 i
12
#20220000
02
#20230000
1#
1=
b11111 %
b11111 <
b11111 ?
b11111 L
b11111 Y
b10 i
12
#20240000
02
#20250000
b0 O
0$
0>
b10010000 "
b10010000 A
b10010000 P
b11111 !
b11111 @
b11111 N
b1 \
b0 [
0#
0=
b10010000 8
b10010000 6
b10 i
12
#20260000
02
#20270000
1]
1)
1E
b0 *
b0 :
b0 F
b0 X
b0 ^
1$
1>
b10 i
12
#20280000
02
#20290000
0]
b1 g
b10 \
0)
0E
b10010001 5
b10 i
12
#20300000
02
#20310000
b10 i
12
#20320000
02
#20330000
1'
1C
b10100101010110101010010100000001 (
b10100101010110101010010100000001 ;
b10100101010110101010010100000001 D
b10100101010110101010010100000001 Q
b10100101010110101010010100000001 f
b10 i
12
#20340000
02
#20350000
b11 \
b10100101010110101010010100000001 Z
0'
0C
b10010001 4
b10010001 9
b10 i
12
#20360000
02
#20370000
1#
1=
b1 %
b1 <
b1 ?
b1 L
b1 Y
b10 i
12
#20380000
02
#20390000
b1 \
b100 [
0#
0=
b1 O
b10010001 "
b10010001 A
b10010001 P
b1 !
b1 @
b1 N
b10010001 8
b10010001 6
b10 i
12
#20400000
02
#20410000
1]
1)
1E
b100 *
b100 :
b100 F
b100 X
b100 ^
b10 i
12
#20420000
02
#20430000
0]
b10 \
0)
0E
b10 g
b10010010 5
b10 i
12
#20440000
02
#20450000
b10 i
12
#20460000
02
#20470000
1'
1C
b10100101010110101010010100000011 (
b10100101010110101010010100000011 ;
b10100101010110101010010100000011 D
b10100101010110101010010100000011 Q
b10100101010110101010010100000011 f
b10 i
12
#20480000
02
#20490000
0'
0C
b11 \
b10100101010110101010010100000011 Z
b10010010 4
b10010010 9
b10 i
12
#20500000
02
#20510000
1#
1=
b11 %
b11 <
b11 ?
b11 L
b11 Y
b10 i
12
#20520000
02
#20530000
b10 O
b10010010 "
b10010010 A
b10010010 P
b11 !
b11 @
b11 N
b1 \
b1000 [
0#
0=
b10010010 8
b10010010 6
b10 i
12
#20540000
02
#20550000
1]
1)
1E
b1000 *
b1000 :
b1000 F
b1000 X
b1000 ^
b10 i
12
#20560000
02
#20570000
0]
b11 g
b10 \
0)
0E
b10010011 5
b10 i
12
#20580000
02
#20590000
b10 i
12
#20600000
02
#20610000
1'
1C
b10100101010110101010010100000101 (
b10100101010110101010010100000101 ;
b10100101010110101010010100000101 D
b10100101010110101010010100000101 Q
b10100101010110101010010100000101 f
b10 i
12
#20620000
02
#20630000
b11 \
b10100101010110101010010100000101 Z
0'
0C
b10010011 4
b10010011 9
b10 i
12
#20640000
02
#20650000
1#
1=
b101 %
b101 <
b101 ?
b101 L
b101 Y
b10 i
12
#20660000
02
#20670000
b1 \
b1100 [
0#
0=
b0 O
0$
0>
b10010011 "
b10010011 A
b10010011 P
b101 !
b101 @
b101 N
b10010011 8
b10010011 6
b10 i
12
#20680000
02
#20690000
1]
1$
1>
1)
1E
b1100 *
b1100 :
b1100 F
b1100 X
b1100 ^
b10 i
12
#20700000
02
#20710000
0]
b10 \
0)
0E
b0 g
1&
1B
b10010100 5
b10 i
12
#20720000
02
#20730000
0&
0B
b10 i
12
#20740000
02
#20750000
1'
1C
b10100101010110101010010100000111 (
b10100101010110101010010100000111 ;
b10100101010110101010010100000111 D
b10100101010110101010010100000111 Q
b10100101010110101010010100000111 f
b10 i
12
#20760000
02
#20770000
0'
0C
b11 \
b10100101010110101010010100000111 Z
b10010100 4
b10010100 9
b10 i
12
#20780000
02
#20790000
1#
1=
b111 %
b111 <
b111 ?
b111 L
b111 Y
b10 i
12
#20800000
02
#20810000
b1 O
b10010100 "
b10010100 A
b10010100 P
b111 !
b111 @
b111 N
b1 \
b10000 [
0#
0=
b10010100 8
b10010100 6
b10 i
12
#20820000
02
#20830000
1]
1)
1E
b10000 *
b10000 :
b10000 F
b10000 X
b10000 ^
b10 i
12
#20840000
02
#20850000
0]
b1 g
b10 \
0)
0E
b10010101 5
b10 i
12
#20860000
02
#20870000
b10 i
12
#20880000
02
#20890000
1'
1C
b10100101010110101010010100001001 (
b10100101010110101010010100001001 ;
b10100101010110101010010100001001 D
b10100101010110101010010100001001 Q
b10100101010110101010010100001001 f
b10 i
12
#20900000
02
#20910000
b11 \
b10100101010110101010010100001001 Z
0'
0C
b10010101 4
b10010101 9
b10 i
12
#20920000
02
#20930000
1#
1=
b1001 %
b1001 <
b1001 ?
b1001 L
b1001 Y
b10 i
12
#20940000
02
#20950000
b1 \
b10100 [
0#
0=
b10 O
b10010101 "
b10010101 A
b10010101 P
b1001 !
b1001 @
b1001 N
b10010101 8
b10010101 6
b10 i
12
#20960000
02
#20970000
1]
1)
1E
b10100 *
b10100 :
b10100 F
b10100 X
b10100 ^
b10 i
12
#20980000
02
#20990000
0]
b10 \
0)
0E
b10 g
b10010110 5
b10 i
12
#21000000
02
#21010000
b10 i
12
#21020000
02
#21030000
1'
1C
b10100101010110101010010100001011 (
b10100101010110101010010100001011 ;
b10100101010110101010010100001011 D
b10100101010110101010010100001011 Q
b10100101010110101010010100001011 f
b10 i
12
#21040000
02
#21050000
0'
0C
b11 \
b10100101010110101010010100001011 Z
b10010110 4
b10010110 9
b10 i
12
#21060000
02
#21070000
1#
1=
b1011 %
b1011 <
b1011 ?
b1011 L
b1011 Y
b10 i
12
#21080000
02
#21090000
b0 O
0$
0>
b10010110 "
b10010110 A
b10010110 P
b1011 !
b1011 @
b1011 N
b1 \
b11000 [
0#
0=
b10010110 8
b10010110 6
b10 i
12
#21100000
02
#21110000
1]
1)
1E
b11000 *
b11000 :
b11000 F
b11000 X
b11000 ^
1$
1>
b10 i
12
#21120000
02
#21130000
0]
b11 g
b10 \
0)
0E
b10010111 5
b10 i
12
#21140000
02
#21150000
b10 i
12
#21160000
02
#21170000
1'
1C
b10100101010110101010010100001101 (
b10100101010110101010010100001101 ;
b10100101010110101010010100001101 D
b10100101010110101010010100001101 Q
b10100101010110101010010100001101 f
b10 i
12
#21180000
02
#21190000
b11 \
b10100101010110101010010100001101 Z
0'
0C
b10010111 4
b10010111 9
b10 i
12
#21200000
02
#21210000
1#
1=
b1101 %
b1101 <
b1101 ?
b1101 L
b1101 Y
b10 i
12
#21220000
02
#21230000
b1 \
b11100 [
0#
0=
b1 O
b10010111 "
b10010111 A
b10010111 P
b1101 !
b1101 @
b1101 N
b10010111 8
b10010111 6
b10 i
12
#21240000
02
#21250000
1]
1)
1E
b11100 *
b11100 :
b11100 F
b11100 X
b11100 ^
b10 i
12
#21260000
02
#21270000
0]
b10 \
0)
0E
b0 g
1&
1B
b10011000 5
b10 i
12
#21280000
02
#21290000
0&
0B
b10 i
12
#21300000
02
#21310000
1'
1C
b10100101010110101010010100001111 (
b10100101010110101010010100001111 ;
b10100101010110101010010100001111 D
b10100101010110101010010100001111 Q
b10100101010110101010010100001111 f
b10 i
12
#21320000
02
#21330000
0'
0C
b11 \
b10100101010110101010010100001111 Z
b10011000 4
b10011000 9
b10 i
12
#21340000
02
#21350000
1#
1=
b1111 %
b1111 <
b1111 ?
b1111 L
b1111 Y
b10 i
12
#21360000
02
#21370000
b10 O
b10011000 "
b10011000 A
b10011000 P
b1111 !
b1111 @
b1111 N
b1 \
b100000 [
0#
0=
b10011000 8
b10011000 6
b10 i
12
#21380000
02
#21390000
1]
1)
1E
b100000 *
b100000 :
b100000 F
b100000 X
b100000 ^
b10 i
12
#21400000
02
#21410000
0]
b1 g
b10 \
0)
0E
b10011001 5
b10 i
12
#21420000
02
#21430000
b10 i
12
#21440000
02
#21450000
1'
1C
b10100101010110101010010100010001 (
b10100101010110101010010100010001 ;
b10100101010110101010010100010001 D
b10100101010110101010010100010001 Q
b10100101010110101010010100010001 f
b10 i
12
#21460000
02
#21470000
b11 \
b10100101010110101010010100010001 Z
0'
0C
b10011001 4
b10011001 9
b10 i
12
#21480000
02
#21490000
1#
1=
b10001 %
b10001 <
b10001 ?
b10001 L
b10001 Y
b10 i
12
#21500000
02
#21510000
b1 \
b100100 [
0#
0=
b0 O
0$
0>
b10011001 "
b10011001 A
b10011001 P
b10001 !
b10001 @
b10001 N
b10011001 8
b10011001 6
b10 i
12
#21520000
02
#21530000
1]
1$
1>
1)
1E
b100100 *
b100100 :
b100100 F
b100100 X
b100100 ^
b10 i
12
#21540000
02
#21550000
0]
b10 \
0)
0E
b10 g
b10011010 5
b10 i
12
#21560000
02
#21570000
b10 i
12
#21580000
02
#21590000
1'
1C
b10100101010110101010010100010011 (
b10100101010110101010010100010011 ;
b10100101010110101010010100010011 D
b10100101010110101010010100010011 Q
b10100101010110101010010100010011 f
b10 i
12
#21600000
02
#21610000
0'
0C
b11 \
b10100101010110101010010100010011 Z
b10011010 4
b10011010 9
b10 i
12
#21620000
02
#21630000
1#
1=
b10011 %
b10011 <
b10011 ?
b10011 L
b10011 Y
b10 i
12
#21640000
02
#21650000
b1 O
b10011010 "
b10011010 A
b10011010 P
b10011 !
b10011 @
b10011 N
b1 \
b101000 [
0#
0=
b10011010 8
b10011010 6
b10 i
12
#21660000
02
#21670000
1]
1)
1E
b101000 *
b101000 :
b101000 F
b101000 X
b101000 ^
b10 i
12
#21680000
02
#21690000
0]
b11 g
b10 \
0)
0E
b10011011 5
b10 i
12
#21700000
02
#21710000
b10 i
12
#21720000
02
#21730000
1'
1C
b10100101010110101010010100010101 (
b10100101010110101010010100010101 ;
b10100101010110101010010100010101 D
b10100101010110101010010100010101 Q
b10100101010110101010010100010101 f
b10 i
12
#21740000
02
#21750000
b11 \
b10100101010110101010010100010101 Z
0'
0C
b10011011 4
b10011011 9
b10 i
12
#21760000
02
#21770000
1#
1=
b10101 %
b10101 <
b10101 ?
b10101 L
b10101 Y
b10 i
12
#21780000
02
#21790000
b1 \
b101100 [
0#
0=
b10 O
b10011011 "
b10011011 A
b10011011 P
b10101 !
b10101 @
b10101 N
b10011011 8
b10011011 6
b10 i
12
#21800000
02
#21810000
1]
1)
1E
b101100 *
b101100 :
b101100 F
b101100 X
b101100 ^
b10 i
12
#21820000
02
#21830000
0]
b10 \
0)
0E
b0 g
1&
1B
b10011100 5
b10 i
12
#21840000
02
#21850000
0&
0B
b10 i
12
#21860000
02
#21870000
1'
1C
b10100101010110101010010100010111 (
b10100101010110101010010100010111 ;
b10100101010110101010010100010111 D
b10100101010110101010010100010111 Q
b10100101010110101010010100010111 f
b10 i
12
#21880000
02
#21890000
0'
0C
b11 \
b10100101010110101010010100010111 Z
b10011100 4
b10011100 9
b10 i
12
#21900000
02
#21910000
1#
1=
b10111 %
b10111 <
b10111 ?
b10111 L
b10111 Y
b10 i
12
#21920000
02
#21930000
b0 O
0$
0>
b10011100 "
b10011100 A
b10011100 P
b10111 !
b10111 @
b10111 N
b1 \
b110000 [
0#
0=
b10011100 8
b10011100 6
b10 i
12
#21940000
02
#21950000
1]
1)
1E
b110000 *
b110000 :
b110000 F
b110000 X
b110000 ^
1$
1>
b10 i
12
#21960000
02
#21970000
0]
b1 g
b10 \
0)
0E
b10011101 5
b10 i
12
#21980000
02
#21990000
b10 i
12
#22000000
02
#22010000
1'
1C
b10100101010110101010010100011001 (
b10100101010110101010010100011001 ;
b10100101010110101010010100011001 D
b10100101010110101010010100011001 Q
b10100101010110101010010100011001 f
b10 i
12
#22020000
02
#22030000
b11 \
b10100101010110101010010100011001 Z
0'
0C
b10011101 4
b10011101 9
b10 i
12
#22040000
02
#22050000
1#
1=
b11001 %
b11001 <
b11001 ?
b11001 L
b11001 Y
b10 i
12
#22060000
02
#22070000
b1 \
b110100 [
0#
0=
b1 O
b10011101 "
b10011101 A
b10011101 P
b11001 !
b11001 @
b11001 N
b10011101 8
b10011101 6
b10 i
12
#22080000
02
#22090000
1]
1)
1E
b110100 *
b110100 :
b110100 F
b110100 X
b110100 ^
b10 i
12
#22100000
02
#22110000
0]
b10 \
0)
0E
b10 g
b10011110 5
b10 i
12
#22120000
02
#22130000
b10 i
12
#22140000
02
#22150000
1'
1C
b10100101010110101010010100011011 (
b10100101010110101010010100011011 ;
b10100101010110101010010100011011 D
b10100101010110101010010100011011 Q
b10100101010110101010010100011011 f
b10 i
12
#22160000
02
#22170000
0'
0C
b11 \
b10100101010110101010010100011011 Z
b10011110 4
b10011110 9
b10 i
12
#22180000
02
#22190000
1#
1=
b11011 %
b11011 <
b11011 ?
b11011 L
b11011 Y
b10 i
12
#22200000
02
#22210000
b10 O
b10011110 "
b10011110 A
b10011110 P
b11011 !
b11011 @
b11011 N
b1 \
b111000 [
0#
0=
b10011110 8
b10011110 6
b10 i
12
#22220000
02
#22230000
1]
1)
1E
b111000 *
b111000 :
b111000 F
b111000 X
b111000 ^
b10 i
12
#22240000
02
#22250000
0]
b11 g
b10 \
0)
0E
b10011111 5
b10 i
12
#22260000
02
#22270000
b10 i
12
#22280000
02
#22290000
1'
1C
b10100101010110101010010100011101 (
b10100101010110101010010100011101 ;
b10100101010110101010010100011101 D
b10100101010110101010010100011101 Q
b10100101010110101010010100011101 f
b10 i
12
#22300000
02
#22310000
b11 \
b10100101010110101010010100011101 Z
0'
0C
b10011111 4
b10011111 9
b10 i
12
#22320000
02
#22330000
1#
1=
b11101 %
b11101 <
b11101 ?
b11101 L
b11101 Y
b10 i
12
#22340000
02
#22350000
b1 \
b111100 [
0#
0=
b0 O
0$
0>
b10011111 "
b10011111 A
b10011111 P
b11101 !
b11101 @
b11101 N
b10011111 8
b10011111 6
b10 i
12
#22360000
02
#22370000
1]
1$
1>
1)
1E
b111100 *
b111100 :
b111100 F
b111100 X
b111100 ^
b10 i
12
#22380000
02
#22390000
0]
b10 \
0)
0E
b0 g
1&
1B
b10100000 5
b10 i
12
#22400000
02
#22410000
0&
0B
b10 i
12
#22420000
02
#22430000
1'
1C
b10100101010110101010010100011111 (
b10100101010110101010010100011111 ;
b10100101010110101010010100011111 D
b10100101010110101010010100011111 Q
b10100101010110101010010100011111 f
b10 i
12
#22440000
02
#22450000
0'
0C
b11 \
b10100101010110101010010100011111 Z
b10100000 4
b10100000 9
b10 i
12
#22460000
02
#22470000
1#
1=
b11111 %
b11111 <
b11111 ?
b11111 L
b11111 Y
b10 i
12
#22480000
02
#22490000
b1 O
b10100000 "
b10100000 A
b10100000 P
b11111 !
b11111 @
b11111 N
b1 \
b0 [
0#
0=
b10100000 8
b10100000 6
b10 i
12
#22500000
02
#22510000
1]
1)
1E
b0 *
b0 :
b0 F
b0 X
b0 ^
b10 i
12
#22520000
02
#22530000
0]
b1 g
b10 \
0)
0E
b10100001 5
b10 i
12
#22540000
02
#22550000
b10 i
12
#22560000
02
#22570000
1'
1C
b10100101010110101010010100000001 (
b10100101010110101010010100000001 ;
b10100101010110101010010100000001 D
b10100101010110101010010100000001 Q
b10100101010110101010010100000001 f
b10 i
12
#22580000
02
#22590000
b11 \
b10100101010110101010010100000001 Z
0'
0C
b10100001 4
b10100001 9
b10 i
12
#22600000
02
#22610000
1#
1=
b1 %
b1 <
b1 ?
b1 L
b1 Y
b10 i
12
#22620000
02
#22630000
b1 \
b100 [
0#
0=
b10 O
b10100001 "
b10100001 A
b10100001 P
b1 !
b1 @
b1 N
b10100001 8
b10100001 6
b10 i
12
#22640000
02
#22650000
1]
1)
1E
b100 *
b100 :
b100 F
b100 X
b100 ^
b10 i
12
#22660000
02
#22670000
0]
b10 \
0)
0E
b10 g
b10100010 5
b10 i
12
#22680000
02
#22690000
b10 i
12
#22700000
02
#22710000
1'
1C
b10100101010110101010010100000011 (
b10100101010110101010010100000011 ;
b10100101010110101010010100000011 D
b10100101010110101010010100000011 Q
b10100101010110101010010100000011 f
b10 i
12
#22720000
02
#22730000
0'
0C
b11 \
b10100101010110101010010100000011 Z
b10100010 4
b10100010 9
b10 i
12
#22740000
02
#22750000
1#
1=
b11 %
b11 <
b11 ?
b11 L
b11 Y
b10 i
12
#22760000
02
#22770000
b0 O
0$
0>
b10100010 "
b10100010 A
b10100010 P
b11 !
b11 @
b11 N
b1 \
b1000 [
0#
0=
b10100010 8
b10100010 6
b10 i
12
#22780000
02
#22790000
1]
1)
1E
b1000 *
b1000 :
b1000 F
b1000 X
b1000 ^
1$
1>
b10 i
12
#22800000
02
#22810000
0]
b11 g
b10 \
0)
0E
b10100011 5
b10 i
12
#22820000
02
#22830000
b10 i
12
#22840000
02
#22850000
1'
1C
b10100101010110101010010100000101 (
b10100101010110101010010100000101 ;
b10100101010110101010010100000101 D
b10100101010110101010010100000101 Q
b10100101010110101010010100000101 f
b10 i
12
#22860000
02
#22870000
b11 \
b10100101010110101010010100000101 Z
0'
0C
b10100011 4
b10100011 9
b10 i
12
#22880000
02
#22890000
1#
1=
b101 %
b101 <
b101 ?
b101 L
b101 Y
b10 i
12
#22900000
02
#22910000
b1 \
b1100 [
0#
0=
b1 O
b10100011 "
b10100011 A
b10100011 P
b101 !
b101 @
b101 N
b10100011 8
b10100011 6
b10 i
12
#22920000
02
#22930000
1]
1)
1E
b1100 *
b1100 :
b1100 F
b1100 X
b1100 ^
b10 i
12
#22940000
02
#22950000
0]
b10 \
0)
0E
b0 g
1&
1B
b10100100 5
b10 i
12
#22960000
02
#22970000
0&
0B
b10 i
12
#22980000
02
#22990000
1'
1C
b10100101010110101010010100000111 (
b10100101010110101010010100000111 ;
b10100101010110101010010100000111 D
b10100101010110101010010100000111 Q
b10100101010110101010010100000111 f
b10 i
12
#23000000
02
#23010000
0'
0C
b11 \
b10100101010110101010010100000111 Z
b10100100 4
b10100100 9
b10 i
12
#23020000
02
#23030000
1#
1=
b111 %
b111 <
b111 ?
b111 L
b111 Y
b10 i
12
#23040000
02
#23050000
b10 O
b10100100 "
b10100100 A
b10100100 P
b111 !
b111 @
b111 N
b1 \
b10000 [
0#
0=
b10100100 8
b10100100 6
b10 i
12
#23060000
02
#23070000
1]
1)
1E
b10000 *
b10000 :
b10000 F
b10000 X
b10000 ^
b10 i
12
#23080000
02
#23090000
0]
b1 g
b10 \
0)
0E
b10100101 5
b10 i
12
#23100000
02
#23110000
b10 i
12
#23120000
02
#23130000
1'
1C
b10100101010110101010010100001001 (
b10100101010110101010010100001001 ;
b10100101010110101010010100001001 D
b10100101010110101010010100001001 Q
b10100101010110101010010100001001 f
b10 i
12
#23140000
02
#23150000
b11 \
b10100101010110101010010100001001 Z
0'
0C
b10100101 4
b10100101 9
b10 i
12
#23160000
02
#23170000
1#
1=
b1001 %
b1001 <
b1001 ?
b1001 L
b1001 Y
b10 i
12
#23180000
02
#23190000
b1 \
b10100 [
0#
0=
b0 O
0$
0>
b10100101 "
b10100101 A
b10100101 P
b1001 !
b1001 @
b1001 N
b10100101 8
b10100101 6
b10 i
12
#23200000
02
#23210000
1]
1$
1>
1)
1E
b10100 *
b10100 :
b10100 F
b10100 X
b10100 ^
b10 i
12
#23220000
02
#23230000
0]
b10 \
0)
0E
b10 g
b10100110 5
b10 i
12
#23240000
02
#23250000
b10 i
12
#23260000
02
#23270000
1'
1C
b10100101010110101010010100001011 (
b10100101010110101010010100001011 ;
b10100101010110101010010100001011 D
b10100101010110101010010100001011 Q
b10100101010110101010010100001011 f
b10 i
12
#23280000
02
#23290000
0'
0C
b11 \
b10100101010110101010010100001011 Z
b10100110 4
b10100110 9
b10 i
12
#23300000
02
#23310000
1#
1=
b1011 %
b1011 <
b1011 ?
b1011 L
b1011 Y
b10 i
12
#23320000
02
#23330000
b1 O
b10100110 "
b10100110 A
b10100110 P
b1011 !
b1011 @
b1011 N
b1 \
b11000 [
0#
0=
b10100110 8
b10100110 6
b10 i
12
#23340000
02
#23350000
1]
1)
1E
b11000 *
b11000 :
b11000 F
b11000 X
b11000 ^
b10 i
12
#23360000
02
#23370000
0]
b11 g
b10 \
0)
0E
b10100111 5
b10 i
12
#23380000
02
#23390000
b10 i
12
#23400000
02
#23410000
1'
1C
b10100101010110101010010100001101 (
b10100101010110101010010100001101 ;
b10100101010110101010010100001101 D
b10100101010110101010010100001101 Q
b10100101010110101010010100001101 f
b10 i
12
#23420000
02
#23430000
b11 \
b10100101010110101010010100001101 Z
0'
0C
b10100111 4
b10100111 9
b10 i
12
#23440000
02
#23450000
1#
1=
b1101 %
b1101 <
b1101 ?
b1101 L
b1101 Y
b10 i
12
#23460000
02
#23470000
b1 \
b11100 [
0#
0=
b10 O
b10100111 "
b10100111 A
b10100111 P
b1101 !
b1101 @
b1101 N
b10100111 8
b10100111 6
b10 i
12
#23480000
02
#23490000
1]
1)
1E
b11100 *
b11100 :
b11100 F
b11100 X
b11100 ^
b10 i
12
#23500000
02
#23510000
0]
b10 \
0)
0E
b0 g
1&
1B
b10101000 5
b10 i
12
#23520000
02
#23530000
0&
0B
b10 i
12
#23540000
02
#23550000
1'
1C
b10100101010110101010010100001111 (
b10100101010110101010010100001111 ;
b10100101010110101010010100001111 D
b10100101010110101010010100001111 Q
b10100101010110101010010100001111 f
b10 i
12
#23560000
02
#23570000
0'
0C
b11 \
b10100101010110101010010100001111 Z
b10101000 4
b10101000 9
b10 i
12
#23580000
02
#23590000
1#
1=
b1111 %
b1111 <
b1111 ?
b1111 L
b1111 Y
b10 i
12
#23600000
02
#23610000
b0 O
0$
0>
b10101000 "
b10101000 A
b10101000 P
b1111 !
b1111 @
b1111 N
b1 \
b100000 [
0#
0=
b10101000 8
b10101000 6
b10 i
12
#23620000
02
#23630000
1]
1)
1E
b100000 *
b100000 :
b100000 F
b100000 X
b100000 ^
1$
1>
b10 i
12
#23640000
02
#23650000
0]
b1 g
b10 \
0)
0E
b10101001 5
b10 i
12
#23660000
02
#23670000
b10 i
12
#23680000
02
#23690000
1'
1C
b10100101010110101010010100010001 (
b10100101010110101010010100010001 ;
b10100101010110101010010100010001 D
b10100101010110101010010100010001 Q
b10100101010110101010010100010001 f
b10 i
12
#23700000
02
#23710000
b11 \
b10100101010110101010010100010001 Z
0'
0C
b10101001 4
b10101001 9
b10 i
12
#23720000
02
#23730000
1#
1=
b10001 %
b10001 <
b10001 ?
b10001 L
b10001 Y
b10 i
12
#23740000
02
#23750000
b1 \
b100100 [
0#
0=
b1 O
b10101001 "
b10101001 A
b10101001 P
b10001 !
b10001 @
b10001 N
b10101001 8
b10101001 6
b10 i
12
#23760000
02
#23770000
1]
1)
1E
b100100 *
b100100 :
b100100 F
b100100 X
b100100 ^
b10 i
12
#23780000
02
#23790000
0]
b10 \
0)
0E
b10 g
b10101010 5
b10 i
12
#23800000
02
#23810000
b10 i
12
#23820000
02
#23830000
1'
1C
b10100101010110101010010100010011 (
b10100101010110101010010100010011 ;
b10100101010110101010010100010011 D
b10100101010110101010010100010011 Q
b10100101010110101010010100010011 f
b10 i
12
#23840000
02
#23850000
0'
0C
b11 \
b10100101010110101010010100010011 Z
b10101010 4
b10101010 9
b10 i
12
#23860000
02
#23870000
1#
1=
b10011 %
b10011 <
b10011 ?
b10011 L
b10011 Y
b10 i
12
#23880000
02
#23890000
b10 O
b10101010 "
b10101010 A
b10101010 P
b10011 !
b10011 @
b10011 N
b1 \
b101000 [
0#
0=
b10101010 8
b10101010 6
b10 i
12
#23900000
02
#23910000
1]
1)
1E
b101000 *
b101000 :
b101000 F
b101000 X
b101000 ^
b10 i
12
#23920000
02
#23930000
0]
b11 g
b10 \
0)
0E
b10101011 5
b10 i
12
#23940000
02
#23950000
b10 i
12
#23960000
02
#23970000
1'
1C
b10100101010110101010010100010101 (
b10100101010110101010010100010101 ;
b10100101010110101010010100010101 D
b10100101010110101010010100010101 Q
b10100101010110101010010100010101 f
b10 i
12
#23980000
02
#23990000
b11 \
b10100101010110101010010100010101 Z
0'
0C
b10101011 4
b10101011 9
b10 i
12
#24000000
02
#24010000
1#
1=
b10101 %
b10101 <
b10101 ?
b10101 L
b10101 Y
b10 i
12
#24020000
02
#24030000
b1 \
b101100 [
0#
0=
b0 O
0$
0>
b10101011 "
b10101011 A
b10101011 P
b10101 !
b10101 @
b10101 N
b10101011 8
b10101011 6
b10 i
12
#24040000
02
#24050000
1]
1$
1>
1)
1E
b101100 *
b101100 :
b101100 F
b101100 X
b101100 ^
b10 i
12
#24060000
02
#24070000
0]
b10 \
0)
0E
b0 g
1&
1B
b10101100 5
b10 i
12
#24080000
02
#24090000
0&
0B
b10 i
12
#24100000
02
#24110000
1'
1C
b10100101010110101010010100010111 (
b10100101010110101010010100010111 ;
b10100101010110101010010100010111 D
b10100101010110101010010100010111 Q
b10100101010110101010010100010111 f
b10 i
12
#24120000
02
#24130000
0'
0C
b11 \
b10100101010110101010010100010111 Z
b10101100 4
b10101100 9
b10 i
12
#24140000
02
#24150000
1#
1=
b10111 %
b10111 <
b10111 ?
b10111 L
b10111 Y
b10 i
12
#24160000
02
#24170000
b1 O
b10101100 "
b10101100 A
b10101100 P
b10111 !
b10111 @
b10111 N
b1 \
b110000 [
0#
0=
b10101100 8
b10101100 6
b10 i
12
#24180000
02
#24190000
1]
1)
1E
b110000 *
b110000 :
b110000 F
b110000 X
b110000 ^
b10 i
12
#24200000
02
#24210000
0]
b1 g
b10 \
0)
0E
b10101101 5
b10 i
12
#24220000
02
#24230000
b10 i
12
#24240000
02
#24250000
1'
1C
b10100101010110101010010100011001 (
b10100101010110101010010100011001 ;
b10100101010110101010010100011001 D
b10100101010110101010010100011001 Q
b10100101010110101010010100011001 f
b10 i
12
#24260000
02
#24270000
b11 \
b10100101010110101010010100011001 Z
0'
0C
b10101101 4
b10101101 9
b10 i
12
#24280000
02
#24290000
1#
1=
b11001 %
b11001 <
b11001 ?
b11001 L
b11001 Y
b10 i
12
#24300000
02
#24310000
b1 \
b110100 [
0#
0=
b10 O
b10101101 "
b10101101 A
b10101101 P
b11001 !
b11001 @
b11001 N
b10101101 8
b10101101 6
b10 i
12
#24320000
02
#24330000
1]
1)
1E
b110100 *
b110100 :
b110100 F
b110100 X
b110100 ^
b10 i
12
#24340000
02
#24350000
0]
b10 \
0)
0E
b10 g
b10101110 5
b10 i
12
#24360000
02
#24370000
b10 i
12
#24380000
02
#24390000
1'
1C
b10100101010110101010010100011011 (
b10100101010110101010010100011011 ;
b10100101010110101010010100011011 D
b10100101010110101010010100011011 Q
b10100101010110101010010100011011 f
b10 i
12
#24400000
02
#24410000
0'
0C
b11 \
b10100101010110101010010100011011 Z
b10101110 4
b10101110 9
b10 i
12
#24420000
02
#24430000
1#
1=
b11011 %
b11011 <
b11011 ?
b11011 L
b11011 Y
b10 i
12
#24440000
02
#24450000
b0 O
0$
0>
b10101110 "
b10101110 A
b10101110 P
b11011 !
b11011 @
b11011 N
b1 \
b111000 [
0#
0=
b10101110 8
b10101110 6
b10 i
12
#24460000
02
#24470000
1]
1)
1E
b111000 *
b111000 :
b111000 F
b111000 X
b111000 ^
1$
1>
b10 i
12
#24480000
02
#24490000
0]
b11 g
b10 \
0)
0E
b10101111 5
b10 i
12
#24500000
02
#24510000
b10 i
12
#24520000
02
#24530000
1'
1C
b10100101010110101010010100011101 (
b10100101010110101010010100011101 ;
b10100101010110101010010100011101 D
b10100101010110101010010100011101 Q
b10100101010110101010010100011101 f
b10 i
12
#24540000
02
#24550000
b11 \
b10100101010110101010010100011101 Z
0'
0C
b10101111 4
b10101111 9
b10 i
12
#24560000
02
#24570000
1#
1=
b11101 %
b11101 <
b11101 ?
b11101 L
b11101 Y
b10 i
12
#24580000
02
#24590000
b1 \
b111100 [
0#
0=
b1 O
b10101111 "
b10101111 A
b10101111 P
b11101 !
b11101 @
b11101 N
b10101111 8
b10101111 6
b10 i
12
#24600000
02
#24610000
1]
1)
1E
b111100 *
b111100 :
b111100 F
b111100 X
b111100 ^
b10 i
12
#24620000
02
#24630000
0]
b10 \
0)
0E
b0 g
1&
1B
b10110000 5
b10 i
12
#24640000
02
#24650000
0&
0B
b10 i
12
#24660000
02
#24670000
1'
1C
b10100101010110101010010100011111 (
b10100101010110101010010100011111 ;
b10100101010110101010010100011111 D
b10100101010110101010010100011111 Q
b10100101010110101010010100011111 f
b10 i
12
#24680000
02
#24690000
0'
0C
b11 \
b10100101010110101010010100011111 Z
b10110000 4
b10110000 9
b10 i
12
#24700000
02
#24710000
1#
1=
b11111 %
b11111 <
b11111 ?
b11111 L
b11111 Y
b10 i
12
#24720000
02
#24730000
b10 O
b10110000 "
b10110000 A
b10110000 P
b11111 !
b11111 @
b11111 N
b1 \
b0 [
0#
0=
b10110000 8
b10110000 6
b10 i
12
#24740000
02
#24750000
1]
1)
1E
b0 *
b0 :
b0 F
b0 X
b0 ^
b10 i
12
#24760000
02
#24770000
0]
b1 g
b10 \
0)
0E
b10110001 5
b10 i
12
#24780000
02
#24790000
b10 i
12
#24800000
02
#24810000
1'
1C
b10100101010110101010010100000001 (
b10100101010110101010010100000001 ;
b10100101010110101010010100000001 D
b10100101010110101010010100000001 Q
b10100101010110101010010100000001 f
b10 i
12
#24820000
02
#24830000
b11 \
b10100101010110101010010100000001 Z
0'
0C
b10110001 4
b10110001 9
b10 i
12
#24840000
02
#24850000
1#
1=
b1 %
b1 <
b1 ?
b1 L
b1 Y
b10 i
12
#24860000
02
#24870000
b1 \
b100 [
0#
0=
b0 O
0$
0>
b10110001 "
b10110001 A
b10110001 P
b1 !
b1 @
b1 N
b10110001 8
b10110001 6
b10 i
12
#24880000
02
#24890000
1]
1$
1>
1)
1E
b100 *
b100 :
b100 F
b100 X
b100 ^
b10 i
12
#24900000
02
#24910000
0]
b10 \
0)
0E
b10 g
b10110010 5
b10 i
12
#24920000
02
#24930000
b10 i
12
#24940000
02
#24950000
1'
1C
b10100101010110101010010100000011 (
b10100101010110101010010100000011 ;
b10100101010110101010010100000011 D
b10100101010110101010010100000011 Q
b10100101010110101010010100000011 f
b10 i
12
#24960000
02
#24970000
0'
0C
b11 \
b10100101010110101010010100000011 Z
b10110010 4
b10110010 9
b10 i
12
#24980000
02
#24990000
1#
1=
b11 %
b11 <
b11 ?
b11 L
b11 Y
b10 i
12
#25000000
02
#25010000
b1 O
b10110010 "
b10110010 A
b10110010 P
b11 !
b11 @
b11 N
b1 \
b1000 [
0#
0=
b10110010 8
b10110010 6
b10 i
12
#25020000
02
#25030000
1]
1)
1E
b1000 *
b1000 :
b1000 F
b1000 X
b1000 ^
b10 i
12
#25040000
02
#25050000
0]
b11 g
b10 \
0)
0E
b10110011 5
b10 i
12
#25060000
02
#25070000
b10 i
12
#25080000
02
#25090000
1'
1C
b10100101010110101010010100000101 (
b10100101010110101010010100000101 ;
b10100101010110101010010100000101 D
b10100101010110101010010100000101 Q
b10100101010110101010010100000101 f
b10 i
12
#25100000
02
#25110000
b11 \
b10100101010110101010010100000101 Z
0'
0C
b10110011 4
b10110011 9
b10 i
12
#25120000
02
#25130000
1#
1=
b101 %
b101 <
b101 ?
b101 L
b101 Y
b10 i
12
#25140000
02
#25150000
b1 \
b1100 [
0#
0=
b10 O
b10110011 "
b10110011 A
b10110011 P
b101 !
b101 @
b101 N
b10110011 8
b10110011 6
b10 i
12
#25160000
02
#25170000
1]
1)
1E
b1100 *
b1100 :
b1100 F
b1100 X
b1100 ^
b10 i
12
#25180000
02
#25190000
0]
b10 \
0)
0E
b0 g
1&
1B
b10110100 5
b10 i
12
#25200000
02
#25210000
0&
0B
b10 i
12
#25220000
02
#25230000
1'
1C
b10100101010110101010010100000111 (
b10100101010110101010010100000111 ;
b10100101010110101010010100000111 D
b10100101010110101010010100000111 Q
b10100101010110101010010100000111 f
b10 i
12
#25240000
02
#25250000
0'
0C
b11 \
b10100101010110101010010100000111 Z
b10110100 4
b10110100 9
b10 i
12
#25260000
02
#25270000
1#
1=
b111 %
b111 <
b111 ?
b111 L
b111 Y
b10 i
12
#25280000
02
#25290000
b0 O
0$
0>
b10110100 "
b10110100 A
b10110100 P
b111 !
b111 @
b111 N
b1 \
b10000 [
0#
0=
b10110100 8
b10110100 6
b10 i
12
#25300000
02
#25310000
1]
1)
1E
b10000 *
b10000 :
b10000 F
b10000 X
b10000 ^
1$
1>
b10 i
12
#25320000
02
#25330000
0]
b1 g
b10 \
0)
0E
b10110101 5
b10 i
12
#25340000
02
#25350000
b10 i
12
#25360000
02
#25370000
1'
1C
b10100101010110101010010100001001 (
b10100101010110101010010100001001 ;
b10100101010110101010010100001001 D
b10100101010110101010010100001001 Q
b10100101010110101010010100001001 f
b10 i
12
#25380000
02
#25390000
b11 \
b10100101010110101010010100001001 Z
0'
0C
b10110101 4
b10110101 9
b10 i
12
#25400000
02
#25410000
1#
1=
b1001 %
b1001 <
b1001 ?
b1001 L
b1001 Y
b10 i
12
#25420000
02
#25430000
b1 \
b10100 [
0#
0=
b1 O
b10110101 "
b10110101 A
b10110101 P
b1001 !
b1001 @
b1001 N
b10110101 8
b10110101 6
b10 i
12
#25440000
02
#25450000
1]
1)
1E
b10100 *
b10100 :
b10100 F
b10100 X
b10100 ^
b10 i
12
#25460000
02
#25470000
0]
b10 \
0)
0E
b10 g
b10110110 5
b10 i
12
#25480000
02
#25490000
b10 i
12
#25500000
02
#25510000
1'
1C
b10100101010110101010010100001011 (
b10100101010110101010010100001011 ;
b10100101010110101010010100001011 D
b10100101010110101010010100001011 Q
b10100101010110101010010100001011 f
b10 i
12
#25520000
02
#25530000
0'
0C
b11 \
b10100101010110101010010100001011 Z
b10110110 4
b10110110 9
b10 i
12
#25540000
02
#25550000
1#
1=
b1011 %
b1011 <
b1011 ?
b1011 L
b1011 Y
b10 i
12
#25560000
02
#25570000
b10 O
b10110110 "
b10110110 A
b10110110 P
b1011 !
b1011 @
b1011 N
b1 \
b11000 [
0#
0=
b10110110 8
b10110110 6
b10 i
12
#25580000
02
#25590000
1]
1)
1E
b11000 *
b11000 :
b11000 F
b11000 X
b11000 ^
b10 i
12
#25600000
02
#25610000
0]
b11 g
b10 \
0)
0E
b10110111 5
b10 i
12
#25620000
02
#25630000
b10 i
12
#25640000
02
#25650000
1'
1C
b10100101010110101010010100001101 (
b10100101010110101010010100001101 ;
b10100101010110101010010100001101 D
b10100101010110101010010100001101 Q
b10100101010110101010010100001101 f
b10 i
12
#25660000
02
#25670000
b11 \
b10100101010110101010010100001101 Z
0'
0C
b10110111 4
b10110111 9
b10 i
12
#25680000
02
#25690000
1#
1=
b1101 %
b1101 <
b1101 ?
b1101 L
b1101 Y
b10 i
12
#25700000
02
#25710000
b1 \
b11100 [
0#
0=
b0 O
0$
0>
b10110111 "
b10110111 A
b10110111 P
b1101 !
b1101 @
b1101 N
b10110111 8
b10110111 6
b10 i
12
#25720000
02
#25730000
1]
1$
1>
1)
1E
b11100 *
b11100 :
b11100 F
b11100 X
b11100 ^
b10 i
12
#25740000
02
#25750000
0]
b10 \
0)
0E
b0 g
1&
1B
b10111000 5
b10 i
12
#25760000
02
#25770000
0&
0B
b10 i
12
#25780000
02
#25790000
1'
1C
b10100101010110101010010100001111 (
b10100101010110101010010100001111 ;
b10100101010110101010010100001111 D
b10100101010110101010010100001111 Q
b10100101010110101010010100001111 f
b10 i
12
#25800000
02
#25810000
0'
0C
b11 \
b10100101010110101010010100001111 Z
b10111000 4
b10111000 9
b10 i
12
#25820000
02
#25830000
1#
1=
b1111 %
b1111 <
b1111 ?
b1111 L
b1111 Y
b10 i
12
#25840000
02
#25850000
b1 O
b10111000 "
b10111000 A
b10111000 P
b1111 !
b1111 @
b1111 N
b1 \
b100000 [
0#
0=
b10111000 8
b10111000 6
b10 i
12
#25860000
02
#25870000
1]
1)
1E
b100000 *
b100000 :
b100000 F
b100000 X
b100000 ^
b10 i
12
#25880000
02
#25890000
0]
b1 g
b10 \
0)
0E
b10111001 5
b10 i
12
#25900000
02
#25910000
b10 i
12
#25920000
02
#25930000
1'
1C
b10100101010110101010010100010001 (
b10100101010110101010010100010001 ;
b10100101010110101010010100010001 D
b10100101010110101010010100010001 Q
b10100101010110101010010100010001 f
b10 i
12
#25940000
02
#25950000
b11 \
b10100101010110101010010100010001 Z
0'
0C
b10111001 4
b10111001 9
b10 i
12
#25960000
02
#25970000
1#
1=
b10001 %
b10001 <
b10001 ?
b10001 L
b10001 Y
b10 i
12
#25980000
02
#25990000
b1 \
b100100 [
0#
0=
b10 O
b10111001 "
b10111001 A
b10111001 P
b10001 !
b10001 @
b10001 N
b10111001 8
b10111001 6
b10 i
12
#26000000
02
#26010000
1]
1)
1E
b100100 *
b100100 :
b100100 F
b100100 X
b100100 ^
b10 i
12
#26020000
02
#26030000
0]
b10 \
0)
0E
b10 g
b10111010 5
b10 i
12
#26040000
02
#26050000
b10 i
12
#26060000
02
#26070000
1'
1C
b10100101010110101010010100010011 (
b10100101010110101010010100010011 ;
b10100101010110101010010100010011 D
b10100101010110101010010100010011 Q
b10100101010110101010010100010011 f
b10 i
12
#26080000
02
#26090000
0'
0C
b11 \
b10100101010110101010010100010011 Z
b10111010 4
b10111010 9
b10 i
12
#26100000
02
#26110000
1#
1=
b10011 %
b10011 <
b10011 ?
b10011 L
b10011 Y
b10 i
12
#26120000
02
#26130000
b0 O
0$
0>
b10111010 "
b10111010 A
b10111010 P
b10011 !
b10011 @
b10011 N
b1 \
b101000 [
0#
0=
b10111010 8
b10111010 6
b10 i
12
#26140000
02
#26150000
1]
1)
1E
b101000 *
b101000 :
b101000 F
b101000 X
b101000 ^
1$
1>
b10 i
12
#26160000
02
#26170000
0]
b11 g
b10 \
0)
0E
b10111011 5
b10 i
12
#26180000
02
#26190000
b10 i
12
#26200000
02
#26210000
1'
1C
b10100101010110101010010100010101 (
b10100101010110101010010100010101 ;
b10100101010110101010010100010101 D
b10100101010110101010010100010101 Q
b10100101010110101010010100010101 f
b10 i
12
#26220000
02
#26230000
b11 \
b10100101010110101010010100010101 Z
0'
0C
b10111011 4
b10111011 9
b10 i
12
#26240000
02
#26250000
1#
1=
b10101 %
b10101 <
b10101 ?
b10101 L
b10101 Y
b10 i
12
#26260000
02
#26270000
b1 \
b101100 [
0#
0=
b1 O
b10111011 "
b10111011 A
b10111011 P
b10101 !
b10101 @
b10101 N
b10111011 8
b10111011 6
b10 i
12
#26280000
02
#26290000
1]
1)
1E
b101100 *
b101100 :
b101100 F
b101100 X
b101100 ^
b10 i
12
#26300000
02
#26310000
0]
b10 \
0)
0E
b0 g
1&
1B
b10111100 5
b10 i
12
#26320000
02
#26330000
0&
0B
b10 i
12
#26340000
02
#26350000
1'
1C
b10100101010110101010010100010111 (
b10100101010110101010010100010111 ;
b10100101010110101010010100010111 D
b10100101010110101010010100010111 Q
b10100101010110101010010100010111 f
b10 i
12
#26360000
02
#26370000
0'
0C
b11 \
b10100101010110101010010100010111 Z
b10111100 4
b10111100 9
b10 i
12
#26380000
02
#26390000
1#
1=
b10111 %
b10111 <
b10111 ?
b10111 L
b10111 Y
b10 i
12
#26400000
02
#26410000
b10 O
b10111100 "
b10111100 A
b10111100 P
b10111 !
b10111 @
b10111 N
b1 \
b110000 [
0#
0=
b10111100 8
b10111100 6
b10 i
12
#26420000
02
#26430000
1]
1)
1E
b110000 *
b110000 :
b110000 F
b110000 X
b110000 ^
b10 i
12
#26440000
02
#26450000
0]
b1 g
b10 \
0)
0E
b10111101 5
b10 i
12
#26460000
02
#26470000
b10 i
12
#26480000
02
#26490000
1'
1C
b10100101010110101010010100011001 (
b10100101010110101010010100011001 ;
b10100101010110101010010100011001 D
b10100101010110101010010100011001 Q
b10100101010110101010010100011001 f
b10 i
12
#26500000
02
#26510000
b11 \
b10100101010110101010010100011001 Z
0'
0C
b10111101 4
b10111101 9
b10 i
12
#26520000
02
#26530000
1#
1=
b11001 %
b11001 <
b11001 ?
b11001 L
b11001 Y
b10 i
12
#26540000
02
#26550000
b1 \
b110100 [
0#
0=
b0 O
0$
0>
b10111101 "
b10111101 A
b10111101 P
b11001 !
b11001 @
b11001 N
b10111101 8
b10111101 6
b10 i
12
#26560000
02
#26570000
1]
1$
1>
1)
1E
b110100 *
b110100 :
b110100 F
b110100 X
b110100 ^
b10 i
12
#26580000
02
#26590000
0]
b10 \
0)
0E
b10 g
b10111110 5
b10 i
12
#26600000
02
#26610000
b10 i
12
#26620000
02
#26630000
1'
1C
b10100101010110101010010100011011 (
b10100101010110101010010100011011 ;
b10100101010110101010010100011011 D
b10100101010110101010010100011011 Q
b10100101010110101010010100011011 f
b10 i
12
#26640000
02
#26650000
0'
0C
b11 \
b10100101010110101010010100011011 Z
b10111110 4
b10111110 9
b10 i
12
#26660000
02
#26670000
1#
1=
b11011 %
b11011 <
b11011 ?
b11011 L
b11011 Y
b10 i
12
#26680000
02
#26690000
b1 O
b10111110 "
b10111110 A
b10111110 P
b11011 !
b11011 @
b11011 N
b1 \
b111000 [
0#
0=
b10111110 8
b10111110 6
b10 i
12
#26700000
02
#26710000
1]
1)
1E
b111000 *
b111000 :
b111000 F
b111000 X
b111000 ^
b10 i
12
#26720000
02
#26730000
0]
b11 g
b10 \
0)
0E
b10111111 5
b10 i
12
#26740000
02
#26750000
b10 i
12
#26760000
02
#26770000
1'
1C
b10100101010110101010010100011101 (
b10100101010110101010010100011101 ;
b10100101010110101010010100011101 D
b10100101010110101010010100011101 Q
b10100101010110101010010100011101 f
b10 i
12
#26780000
02
#26790000
b11 \
b10100101010110101010010100011101 Z
0'
0C
b10111111 4
b10111111 9
b10 i
12
#26800000
02
#26810000
1#
1=
b11101 %
b11101 <
b11101 ?
b11101 L
b11101 Y
b10 i
12
#26820000
02
#26830000
b1 \
b111100 [
0#
0=
b10 O
b10111111 "
b10111111 A
b10111111 P
b11101 !
b11101 @
b11101 N
b10111111 8
b10111111 6
b10 i
12
#26840000
02
#26850000
1]
1)
1E
b111100 *
b111100 :
b111100 F
b111100 X
b111100 ^
b10 i
12
#26860000
02
#26870000
0]
b10 \
0)
0E
b0 g
1&
1B
b11000000 5
b10 i
12
#26880000
02
#26890000
0&
0B
b10 i
12
#26900000
02
#26910000
1'
1C
b10100101010110101010010100011111 (
b10100101010110101010010100011111 ;
b10100101010110101010010100011111 D
b10100101010110101010010100011111 Q
b10100101010110101010010100011111 f
b10 i
12
#26920000
02
#26930000
0'
0C
b11 \
b10100101010110101010010100011111 Z
b11000000 4
b11000000 9
b10 i
12
#26940000
02
#26950000
1#
1=
b11111 %
b11111 <
b11111 ?
b11111 L
b11111 Y
b10 i
12
#26960000
02
#26970000
b0 O
0$
0>
b11000000 "
b11000000 A
b11000000 P
b11111 !
b11111 @
b11111 N
b1 \
b0 [
0#
0=
b11000000 8
b11000000 6
b10 i
12
#26980000
02
#26990000
1]
1)
1E
b0 *
b0 :
b0 F
b0 X
b0 ^
1$
1>
b10 i
12
#27000000
02
#27010000
0]
b1 g
b10 \
0)
0E
b11000001 5
b10 i
12
#27020000
02
#27030000
b10 i
12
#27040000
02
#27050000
1'
1C
b10100101010110101010010100000001 (
b10100101010110101010010100000001 ;
b10100101010110101010010100000001 D
b10100101010110101010010100000001 Q
b10100101010110101010010100000001 f
b10 i
12
#27060000
02
#27070000
b11 \
b10100101010110101010010100000001 Z
0'
0C
b11000001 4
b11000001 9
b10 i
12
#27080000
02
#27090000
1#
1=
b1 %
b1 <
b1 ?
b1 L
b1 Y
b10 i
12
#27100000
02
#27110000
b1 \
b100 [
0#
0=
b1 O
b11000001 "
b11000001 A
b11000001 P
b1 !
b1 @
b1 N
b11000001 8
b11000001 6
b10 i
12
#27120000
02
#27130000
1]
1)
1E
b100 *
b100 :
b100 F
b100 X
b100 ^
b10 i
12
#27140000
02
#27150000
0]
b10 \
0)
0E
b10 g
b11000010 5
b10 i
12
#27160000
02
#27170000
b10 i
12
#27180000
02
#27190000
1'
1C
b10100101010110101010010100000011 (
b10100101010110101010010100000011 ;
b10100101010110101010010100000011 D
b10100101010110101010010100000011 Q
b10100101010110101010010100000011 f
b10 i
12
#27200000
02
#27210000
0'
0C
b11 \
b10100101010110101010010100000011 Z
b11000010 4
b11000010 9
b10 i
12
#27220000
02
#27230000
1#
1=
b11 %
b11 <
b11 ?
b11 L
b11 Y
b10 i
12
#27240000
02
#27250000
b10 O
b11000010 "
b11000010 A
b11000010 P
b11 !
b11 @
b11 N
b1 \
b1000 [
0#
0=
b11000010 8
b11000010 6
b10 i
12
#27260000
02
#27270000
1]
1)
1E
b1000 *
b1000 :
b1000 F
b1000 X
b1000 ^
b10 i
12
#27280000
02
#27290000
0]
b11 g
b10 \
0)
0E
b11000011 5
b10 i
12
#27300000
02
#27310000
b10 i
12
#27320000
02
#27330000
1'
1C
b10100101010110101010010100000101 (
b10100101010110101010010100000101 ;
b10100101010110101010010100000101 D
b10100101010110101010010100000101 Q
b10100101010110101010010100000101 f
b10 i
12
#27340000
02
#27350000
b11 \
b10100101010110101010010100000101 Z
0'
0C
b11000011 4
b11000011 9
b10 i
12
#27360000
02
#27370000
1#
1=
b101 %
b101 <
b101 ?
b101 L
b101 Y
b10 i
12
#27380000
02
#27390000
b1 \
b1100 [
0#
0=
b0 O
0$
0>
b11000011 "
b11000011 A
b11000011 P
b101 !
b101 @
b101 N
b11000011 8
b11000011 6
b10 i
12
#27400000
02
#27410000
1]
1$
1>
1)
1E
b1100 *
b1100 :
b1100 F
b1100 X
b1100 ^
b10 i
12
#27420000
02
#27430000
0]
b10 \
0)
0E
b0 g
1&
1B
b11000100 5
b10 i
12
#27440000
02
#27450000
0&
0B
b10 i
12
#27460000
02
#27470000
1'
1C
b10100101010110101010010100000111 (
b10100101010110101010010100000111 ;
b10100101010110101010010100000111 D
b10100101010110101010010100000111 Q
b10100101010110101010010100000111 f
b10 i
12
#27480000
02
#27490000
0'
0C
b11 \
b10100101010110101010010100000111 Z
b11000100 4
b11000100 9
b10 i
12
#27500000
02
#27510000
1#
1=
b111 %
b111 <
b111 ?
b111 L
b111 Y
b10 i
12
#27520000
02
#27530000
b1 O
b11000100 "
b11000100 A
b11000100 P
b111 !
b111 @
b111 N
b1 \
b10000 [
0#
0=
b11000100 8
b11000100 6
b10 i
12
#27540000
02
#27550000
1]
1)
1E
b10000 *
b10000 :
b10000 F
b10000 X
b10000 ^
b10 i
12
#27560000
02
#27570000
0]
b1 g
b10 \
0)
0E
b11000101 5
b10 i
12
#27580000
02
#27590000
b10 i
12
#27600000
02
#27610000
1'
1C
b10100101010110101010010100001001 (
b10100101010110101010010100001001 ;
b10100101010110101010010100001001 D
b10100101010110101010010100001001 Q
b10100101010110101010010100001001 f
b10 i
12
#27620000
02
#27630000
b11 \
b10100101010110101010010100001001 Z
0'
0C
b11000101 4
b11000101 9
b10 i
12
#27640000
02
#27650000
1#
1=
b1001 %
b1001 <
b1001 ?
b1001 L
b1001 Y
b10 i
12
#27660000
02
#27670000
b1 \
b10100 [
0#
0=
b10 O
b11000101 "
b11000101 A
b11000101 P
b1001 !
b1001 @
b1001 N
b11000101 8
b11000101 6
b10 i
12
#27680000
02
#27690000
1]
1)
1E
b10100 *
b10100 :
b10100 F
b10100 X
b10100 ^
b10 i
12
#27700000
02
#27710000
0]
b10 \
0)
0E
b10 g
b11000110 5
b10 i
12
#27720000
02
#27730000
b10 i
12
#27740000
02
#27750000
1'
1C
b10100101010110101010010100001011 (
b10100101010110101010010100001011 ;
b10100101010110101010010100001011 D
b10100101010110101010010100001011 Q
b10100101010110101010010100001011 f
b10 i
12
#27760000
02
#27770000
0'
0C
b11 \
b10100101010110101010010100001011 Z
b11000110 4
b11000110 9
b10 i
12
#27780000
02
#27790000
1#
1=
b1011 %
b1011 <
b1011 ?
b1011 L
b1011 Y
b10 i
12
#27800000
02
#27810000
b0 O
0$
0>
b11000110 "
b11000110 A
b11000110 P
b1011 !
b1011 @
b1011 N
b1 \
b11000 [
0#
0=
b11000110 8
b11000110 6
b10 i
12
#27820000
02
#27830000
1]
1)
1E
b11000 *
b11000 :
b11000 F
b11000 X
b11000 ^
1$
1>
b10 i
12
#27840000
02
#27850000
0]
b11 g
b10 \
0)
0E
b11000111 5
b10 i
12
#27860000
02
#27870000
b10 i
12
#27880000
02
#27890000
1'
1C
b10100101010110101010010100001101 (
b10100101010110101010010100001101 ;
b10100101010110101010010100001101 D
b10100101010110101010010100001101 Q
b10100101010110101010010100001101 f
b10 i
12
#27900000
02
#27910000
b11 \
b10100101010110101010010100001101 Z
0'
0C
b11000111 4
b11000111 9
b10 i
12
#27920000
02
#27930000
1#
1=
b1101 %
b1101 <
b1101 ?
b1101 L
b1101 Y
b10 i
12
#27940000
02
#27950000
b1 \
b11100 [
0#
0=
b1 O
b11000111 "
b11000111 A
b11000111 P
b1101 !
b1101 @
b1101 N
b11000111 8
b11000111 6
b10 i
12
#27960000
02
#27970000
1]
1)
1E
b11100 *
b11100 :
b11100 F
b11100 X
b11100 ^
b10 i
12
#27980000
02
#27990000
0]
b10 \
0)
0E
b0 g
1&
1B
b11001000 5
b10 i
12
#28000000
02
#28010000
0&
0B
b10 i
12
#28020000
02
#28030000
1'
1C
b10100101010110101010010100001111 (
b10100101010110101010010100001111 ;
b10100101010110101010010100001111 D
b10100101010110101010010100001111 Q
b10100101010110101010010100001111 f
b10 i
12
#28040000
02
#28050000
0'
0C
b11 \
b10100101010110101010010100001111 Z
b11001000 4
b11001000 9
b10 i
12
#28060000
02
#28070000
1#
1=
b1111 %
b1111 <
b1111 ?
b1111 L
b1111 Y
b10 i
12
#28080000
02
#28090000
b10 O
b11001000 "
b11001000 A
b11001000 P
b1111 !
b1111 @
b1111 N
b1 \
b100000 [
0#
0=
b11001000 8
b11001000 6
b10 i
12
#28100000
02
#28110000
1]
1)
1E
b100000 *
b100000 :
b100000 F
b100000 X
b100000 ^
b10 i
12
#28120000
02
#28130000
0]
b1 g
b10 \
0)
0E
b11001001 5
b10 i
12
#28140000
02
#28150000
b10 i
12
#28160000
02
#28170000
1'
1C
b10100101010110101010010100010001 (
b10100101010110101010010100010001 ;
b10100101010110101010010100010001 D
b10100101010110101010010100010001 Q
b10100101010110101010010100010001 f
b10 i
12
#28180000
02
#28190000
b11 \
b10100101010110101010010100010001 Z
0'
0C
b11001001 4
b11001001 9
b10 i
12
#28200000
02
#28210000
1#
1=
b10001 %
b10001 <
b10001 ?
b10001 L
b10001 Y
b10 i
12
#28220000
02
#28230000
b1 \
b100100 [
0#
0=
b0 O
0$
0>
b11001001 "
b11001001 A
b11001001 P
b10001 !
b10001 @
b10001 N
b11001001 8
b11001001 6
b10 i
12
#28240000
02
#28250000
1]
1$
1>
1)
1E
b100100 *
b100100 :
b100100 F
b100100 X
b100100 ^
b10 i
12
#28260000
02
#28270000
0]
b10 \
0)
0E
b10 g
b11001010 5
b10 i
12
#28280000
02
#28290000
b10 i
12
#28300000
02
#28310000
1'
1C
b10100101010110101010010100010011 (
b10100101010110101010010100010011 ;
b10100101010110101010010100010011 D
b10100101010110101010010100010011 Q
b10100101010110101010010100010011 f
b10 i
12
#28320000
02
#28330000
0'
0C
b11 \
b10100101010110101010010100010011 Z
b11001010 4
b11001010 9
b10 i
12
#28340000
02
#28350000
1#
1=
b10011 %
b10011 <
b10011 ?
b10011 L
b10011 Y
b10 i
12
#28360000
02
#28370000
b1 O
b11001010 "
b11001010 A
b11001010 P
b10011 !
b10011 @
b10011 N
b1 \
b101000 [
0#
0=
b11001010 8
b11001010 6
b10 i
12
#28380000
02
#28390000
1]
1)
1E
b101000 *
b101000 :
b101000 F
b101000 X
b101000 ^
b10 i
12
#28400000
02
#28410000
0]
b11 g
b10 \
0)
0E
b11001011 5
b10 i
12
#28420000
02
#28430000
b10 i
12
#28440000
02
#28450000
1'
1C
b10100101010110101010010100010101 (
b10100101010110101010010100010101 ;
b10100101010110101010010100010101 D
b10100101010110101010010100010101 Q
b10100101010110101010010100010101 f
b10 i
12
#28460000
02
#28470000
b11 \
b10100101010110101010010100010101 Z
0'
0C
b11001011 4
b11001011 9
b10 i
12
#28480000
02
#28490000
1#
1=
b10101 %
b10101 <
b10101 ?
b10101 L
b10101 Y
b10 i
12
#28500000
02
#28510000
b1 \
b101100 [
0#
0=
b10 O
b11001011 "
b11001011 A
b11001011 P
b10101 !
b10101 @
b10101 N
b11001011 8
b11001011 6
b10 i
12
#28520000
02
#28530000
1]
1)
1E
b101100 *
b101100 :
b101100 F
b101100 X
b101100 ^
b10 i
12
#28540000
02
#28550000
0]
b10 \
0)
0E
b0 g
1&
1B
b11001100 5
b10 i
12
#28560000
02
#28570000
0&
0B
b10 i
12
#28580000
02
#28590000
1'
1C
b10100101010110101010010100010111 (
b10100101010110101010010100010111 ;
b10100101010110101010010100010111 D
b10100101010110101010010100010111 Q
b10100101010110101010010100010111 f
b10 i
12
#28600000
02
#28610000
0'
0C
b11 \
b10100101010110101010010100010111 Z
b11001100 4
b11001100 9
b10 i
12
#28620000
02
#28630000
1#
1=
b10111 %
b10111 <
b10111 ?
b10111 L
b10111 Y
b10 i
12
#28640000
02
#28650000
b0 O
0$
0>
b11001100 "
b11001100 A
b11001100 P
b10111 !
b10111 @
b10111 N
b1 \
b110000 [
0#
0=
b11001100 8
b11001100 6
b10 i
12
#28660000
02
#28670000
1]
1)
1E
b110000 *
b110000 :
b110000 F
b110000 X
b110000 ^
1$
1>
b10 i
12
#28680000
02
#28690000
0]
b1 g
b10 \
0)
0E
b11001101 5
b10 i
12
#28700000
02
#28710000
b10 i
12
#28720000
02
#28730000
1'
1C
b10100101010110101010010100011001 (
b10100101010110101010010100011001 ;
b10100101010110101010010100011001 D
b10100101010110101010010100011001 Q
b10100101010110101010010100011001 f
b10 i
12
#28740000
02
#28750000
b11 \
b10100101010110101010010100011001 Z
0'
0C
b11001101 4
b11001101 9
b10 i
12
#28760000
02
#28770000
1#
1=
b11001 %
b11001 <
b11001 ?
b11001 L
b11001 Y
b10 i
12
#28780000
02
#28790000
b1 \
b110100 [
0#
0=
b1 O
b11001101 "
b11001101 A
b11001101 P
b11001 !
b11001 @
b11001 N
b11001101 8
b11001101 6
b10 i
12
#28800000
02
#28810000
1]
1)
1E
b110100 *
b110100 :
b110100 F
b110100 X
b110100 ^
b10 i
12
#28820000
02
#28830000
0]
b10 \
0)
0E
b10 g
b11001110 5
b10 i
12
#28840000
02
#28850000
b10 i
12
#28860000
02
#28870000
1'
1C
b10100101010110101010010100011011 (
b10100101010110101010010100011011 ;
b10100101010110101010010100011011 D
b10100101010110101010010100011011 Q
b10100101010110101010010100011011 f
b10 i
12
#28880000
02
#28890000
0'
0C
b11 \
b10100101010110101010010100011011 Z
b11001110 4
b11001110 9
b10 i
12
#28900000
02
#28910000
1#
1=
b11011 %
b11011 <
b11011 ?
b11011 L
b11011 Y
b10 i
12
#28920000
02
#28930000
b10 O
b11001110 "
b11001110 A
b11001110 P
b11011 !
b11011 @
b11011 N
b1 \
b111000 [
0#
0=
b11001110 8
b11001110 6
b10 i
12
#28940000
02
#28950000
1]
1)
1E
b111000 *
b111000 :
b111000 F
b111000 X
b111000 ^
b10 i
12
#28960000
02
#28970000
0]
b11 g
b10 \
0)
0E
b11001111 5
b10 i
12
#28980000
02
#28990000
b10 i
12
#29000000
02
#29010000
1'
1C
b10100101010110101010010100011101 (
b10100101010110101010010100011101 ;
b10100101010110101010010100011101 D
b10100101010110101010010100011101 Q
b10100101010110101010010100011101 f
b10 i
12
#29020000
02
#29030000
b11 \
b10100101010110101010010100011101 Z
0'
0C
b11001111 4
b11001111 9
b10 i
12
#29040000
02
#29050000
1#
1=
b11101 %
b11101 <
b11101 ?
b11101 L
b11101 Y
b10 i
12
#29060000
02
#29070000
b1 \
b111100 [
0#
0=
b0 O
0$
0>
b11001111 "
b11001111 A
b11001111 P
b11101 !
b11101 @
b11101 N
b11001111 8
b11001111 6
b10 i
12
#29080000
02
#29090000
1]
1$
1>
1)
1E
b111100 *
b111100 :
b111100 F
b111100 X
b111100 ^
b10 i
12
#29100000
02
#29110000
0]
b10 \
0)
0E
b0 g
1&
1B
b11010000 5
b10 i
12
#29120000
02
#29130000
0&
0B
b10 i
12
#29140000
02
#29150000
1'
1C
b10100101010110101010010100011111 (
b10100101010110101010010100011111 ;
b10100101010110101010010100011111 D
b10100101010110101010010100011111 Q
b10100101010110101010010100011111 f
b10 i
12
#29160000
02
#29170000
0'
0C
b11 \
b10100101010110101010010100011111 Z
b11010000 4
b11010000 9
b10 i
12
#29180000
02
#29190000
1#
1=
b11111 %
b11111 <
b11111 ?
b11111 L
b11111 Y
b10 i
12
#29200000
02
#29210000
b1 O
b11010000 "
b11010000 A
b11010000 P
b11111 !
b11111 @
b11111 N
b1 \
b0 [
0#
0=
b11010000 8
b11010000 6
b10 i
12
#29220000
02
#29230000
1]
1)
1E
b0 *
b0 :
b0 F
b0 X
b0 ^
b10 i
12
#29240000
02
#29250000
0]
b1 g
b10 \
0)
0E
b11010001 5
b10 i
12
#29260000
02
#29270000
b10 i
12
#29280000
02
#29290000
1'
1C
b10100101010110101010010100000001 (
b10100101010110101010010100000001 ;
b10100101010110101010010100000001 D
b10100101010110101010010100000001 Q
b10100101010110101010010100000001 f
b10 i
12
#29300000
02
#29310000
b11 \
b10100101010110101010010100000001 Z
0'
0C
b11010001 4
b11010001 9
b10 i
12
#29320000
02
#29330000
1#
1=
b1 %
b1 <
b1 ?
b1 L
b1 Y
b10 i
12
#29340000
02
#29350000
b1 \
b100 [
0#
0=
b10 O
b11010001 "
b11010001 A
b11010001 P
b1 !
b1 @
b1 N
b11010001 8
b11010001 6
b10 i
12
#29360000
02
#29370000
1]
1)
1E
b100 *
b100 :
b100 F
b100 X
b100 ^
b10 i
12
#29380000
02
#29390000
0]
b10 \
0)
0E
b10 g
b11010010 5
b10 i
12
#29400000
02
#29410000
b10 i
12
#29420000
02
#29430000
1'
1C
b10100101010110101010010100000011 (
b10100101010110101010010100000011 ;
b10100101010110101010010100000011 D
b10100101010110101010010100000011 Q
b10100101010110101010010100000011 f
b10 i
12
#29440000
02
#29450000
0'
0C
b11 \
b10100101010110101010010100000011 Z
b11010010 4
b11010010 9
b10 i
12
#29460000
02
#29470000
1#
1=
b11 %
b11 <
b11 ?
b11 L
b11 Y
b10 i
12
#29480000
02
#29490000
b0 O
0$
0>
b11010010 "
b11010010 A
b11010010 P
b11 !
b11 @
b11 N
b1 \
b1000 [
0#
0=
b11010010 8
b11010010 6
b10 i
12
#29500000
02
#29510000
1]
1)
1E
b1000 *
b1000 :
b1000 F
b1000 X
b1000 ^
1$
1>
b10 i
12
#29520000
02
#29530000
0]
b11 g
b10 \
0)
0E
b11010011 5
b10 i
12
#29540000
02
#29550000
b10 i
12
#29560000
02
#29570000
1'
1C
b10100101010110101010010100000101 (
b10100101010110101010010100000101 ;
b10100101010110101010010100000101 D
b10100101010110101010010100000101 Q
b10100101010110101010010100000101 f
b10 i
12
#29580000
02
#29590000
b11 \
b10100101010110101010010100000101 Z
0'
0C
b11010011 4
b11010011 9
b10 i
12
#29600000
02
#29610000
1#
1=
b101 %
b101 <
b101 ?
b101 L
b101 Y
b10 i
12
#29620000
02
#29630000
b1 \
b1100 [
0#
0=
b1 O
b11010011 "
b11010011 A
b11010011 P
b101 !
b101 @
b101 N
b11010011 8
b11010011 6
b10 i
12
#29640000
02
#29650000
1]
1)
1E
b1100 *
b1100 :
b1100 F
b1100 X
b1100 ^
b10 i
12
#29660000
02
#29670000
0]
b10 \
0)
0E
b0 g
1&
1B
b11010100 5
b10 i
12
#29680000
02
#29690000
0&
0B
b10 i
12
#29700000
02
#29710000
1'
1C
b10100101010110101010010100000111 (
b10100101010110101010010100000111 ;
b10100101010110101010010100000111 D
b10100101010110101010010100000111 Q
b10100101010110101010010100000111 f
b10 i
12
#29720000
02
#29730000
0'
0C
b11 \
b10100101010110101010010100000111 Z
b11010100 4
b11010100 9
b10 i
12
#29740000
02
#29750000
1#
1=
b111 %
b111 <
b111 ?
b111 L
b111 Y
b10 i
12
#29760000
02
#29770000
b10 O
b11010100 "
b11010100 A
b11010100 P
b111 !
b111 @
b111 N
b1 \
b10000 [
0#
0=
b11010100 8
b11010100 6
b10 i
12
#29780000
02
#29790000
1]
1)
1E
b10000 *
b10000 :
b10000 F
b10000 X
b10000 ^
b10 i
12
#29800000
02
#29810000
0]
b1 g
b10 \
0)
0E
b11010101 5
b10 i
12
#29820000
02
#29830000
b10 i
12
#29840000
02
#29850000
1'
1C
b10100101010110101010010100001001 (
b10100101010110101010010100001001 ;
b10100101010110101010010100001001 D
b10100101010110101010010100001001 Q
b10100101010110101010010100001001 f
b10 i
12
#29860000
02
#29870000
b11 \
b10100101010110101010010100001001 Z
0'
0C
b11010101 4
b11010101 9
b10 i
12
#29880000
02
#29890000
1#
1=
b1001 %
b1001 <
b1001 ?
b1001 L
b1001 Y
b10 i
12
#29900000
02
#29910000
b1 \
b10100 [
0#
0=
b0 O
0$
0>
b11010101 "
b11010101 A
b11010101 P
b1001 !
b1001 @
b1001 N
b11010101 8
b11010101 6
b10 i
12
#29920000
02
#29930000
1]
1$
1>
1)
1E
b10100 *
b10100 :
b10100 F
b10100 X
b10100 ^
b10 i
12
#29940000
02
#29950000
0]
b10 \
0)
0E
b10 g
b11010110 5
b10 i
12
#29960000
02
#29970000
b10 i
12
#29980000
02
#29990000
1'
1C
b10100101010110101010010100001011 (
b10100101010110101010010100001011 ;
b10100101010110101010010100001011 D
b10100101010110101010010100001011 Q
b10100101010110101010010100001011 f
b10 i
12
#30000000
02
#30010000
0'
0C
b11 \
b10100101010110101010010100001011 Z
b11010110 4
b11010110 9
b10 i
12
#30020000
02
#30030000
1#
1=
b1011 %
b1011 <
b1011 ?
b1011 L
b1011 Y
b10 i
12
#30040000
02
#30050000
b1 O
b11010110 "
b11010110 A
b11010110 P
b1011 !
b1011 @
b1011 N
b1 \
b11000 [
0#
0=
b11010110 8
b11010110 6
b10 i
12
#30060000
02
#30070000
1]
1)
1E
b11000 *
b11000 :
b11000 F
b11000 X
b11000 ^
b10 i
12
#30080000
02
#30090000
0]
b11 g
b10 \
0)
0E
b11010111 5
b10 i
12
#30100000
02
#30110000
b10 i
12
#30120000
02
#30130000
1'
1C
b10100101010110101010010100001101 (
b10100101010110101010010100001101 ;
b10100101010110101010010100001101 D
b10100101010110101010010100001101 Q
b10100101010110101010010100001101 f
b10 i
12
#30140000
02
#30150000
b11 \
b10100101010110101010010100001101 Z
0'
0C
b11010111 4
b11010111 9
b10 i
12
#30160000
02
#30170000
1#
1=
b1101 %
b1101 <
b1101 ?
b1101 L
b1101 Y
b10 i
12
#30180000
02
#30190000
b1 \
b11100 [
0#
0=
b10 O
b11010111 "
b11010111 A
b11010111 P
b1101 !
b1101 @
b1101 N
b11010111 8
b11010111 6
b10 i
12
#30200000
02
#30210000
1]
1)
1E
b11100 *
b11100 :
b11100 F
b11100 X
b11100 ^
b10 i
12
#30220000
02
#30230000
0]
b10 \
0)
0E
b0 g
1&
1B
b11011000 5
b10 i
12
#30240000
02
#30250000
0&
0B
b10 i
12
#30260000
02
#30270000
1'
1C
b10100101010110101010010100001111 (
b10100101010110101010010100001111 ;
b10100101010110101010010100001111 D
b10100101010110101010010100001111 Q
b10100101010110101010010100001111 f
b10 i
12
#30280000
02
#30290000
0'
0C
b11 \
b10100101010110101010010100001111 Z
b11011000 4
b11011000 9
b10 i
12
#30300000
02
#30310000
1#
1=
b1111 %
b1111 <
b1111 ?
b1111 L
b1111 Y
b10 i
12
#30320000
02
#30330000
b0 O
0$
0>
b11011000 "
b11011000 A
b11011000 P
b1111 !
b1111 @
b1111 N
b1 \
b100000 [
0#
0=
b11011000 8
b11011000 6
b10 i
12
#30340000
02
#30350000
1]
1)
1E
b100000 *
b100000 :
b100000 F
b100000 X
b100000 ^
1$
1>
b10 i
12
#30360000
02
#30370000
0]
b1 g
b10 \
0)
0E
b11011001 5
b10 i
12
#30380000
02
#30390000
b10 i
12
#30400000
02
#30410000
1'
1C
b10100101010110101010010100010001 (
b10100101010110101010010100010001 ;
b10100101010110101010010100010001 D
b10100101010110101010010100010001 Q
b10100101010110101010010100010001 f
b10 i
12
#30420000
02
#30430000
b11 \
b10100101010110101010010100010001 Z
0'
0C
b11011001 4
b11011001 9
b10 i
12
#30440000
02
#30450000
1#
1=
b10001 %
b10001 <
b10001 ?
b10001 L
b10001 Y
b10 i
12
#30460000
02
#30470000
b1 \
b100100 [
0#
0=
b1 O
b11011001 "
b11011001 A
b11011001 P
b10001 !
b10001 @
b10001 N
b11011001 8
b11011001 6
b10 i
12
#30480000
02
#30490000
1]
1)
1E
b100100 *
b100100 :
b100100 F
b100100 X
b100100 ^
b10 i
12
#30500000
02
#30510000
0]
b10 \
0)
0E
b10 g
b11011010 5
b10 i
12
#30520000
02
#30530000
b10 i
12
#30540000
02
#30550000
1'
1C
b10100101010110101010010100010011 (
b10100101010110101010010100010011 ;
b10100101010110101010010100010011 D
b10100101010110101010010100010011 Q
b10100101010110101010010100010011 f
b10 i
12
#30560000
02
#30570000
0'
0C
b11 \
b10100101010110101010010100010011 Z
b11011010 4
b11011010 9
b10 i
12
#30580000
02
#30590000
1#
1=
b10011 %
b10011 <
b10011 ?
b10011 L
b10011 Y
b10 i
12
#30600000
02
#30610000
b10 O
b11011010 "
b11011010 A
b11011010 P
b10011 !
b10011 @
b10011 N
b1 \
b101000 [
0#
0=
b11011010 8
b11011010 6
b10 i
12
#30620000
02
#30630000
1]
1)
1E
b101000 *
b101000 :
b101000 F
b101000 X
b101000 ^
b10 i
12
#30640000
02
#30650000
0]
b11 g
b10 \
0)
0E
b11011011 5
b10 i
12
#30660000
02
#30670000
b10 i
12
#30680000
02
#30690000
1'
1C
b10100101010110101010010100010101 (
b10100101010110101010010100010101 ;
b10100101010110101010010100010101 D
b10100101010110101010010100010101 Q
b10100101010110101010010100010101 f
b10 i
12
#30700000
02
#30710000
b11 \
b10100101010110101010010100010101 Z
0'
0C
b11011011 4
b11011011 9
b10 i
12
#30720000
02
#30730000
1#
1=
b10101 %
b10101 <
b10101 ?
b10101 L
b10101 Y
b10 i
12
#30740000
02
#30750000
b1 \
b101100 [
0#
0=
b0 O
0$
0>
b11011011 "
b11011011 A
b11011011 P
b10101 !
b10101 @
b10101 N
b11011011 8
b11011011 6
b10 i
12
#30760000
02
#30770000
1]
1$
1>
1)
1E
b101100 *
b101100 :
b101100 F
b101100 X
b101100 ^
b10 i
12
#30780000
02
#30790000
0]
b10 \
0)
0E
b0 g
1&
1B
b11011100 5
b10 i
12
#30800000
02
#30810000
0&
0B
b10 i
12
#30820000
02
#30830000
1'
1C
b10100101010110101010010100010111 (
b10100101010110101010010100010111 ;
b10100101010110101010010100010111 D
b10100101010110101010010100010111 Q
b10100101010110101010010100010111 f
b10 i
12
#30840000
02
#30850000
0'
0C
b11 \
b10100101010110101010010100010111 Z
b11011100 4
b11011100 9
b10 i
12
#30860000
02
#30870000
1#
1=
b10111 %
b10111 <
b10111 ?
b10111 L
b10111 Y
b10 i
12
#30880000
02
#30890000
b1 O
b11011100 "
b11011100 A
b11011100 P
b10111 !
b10111 @
b10111 N
b1 \
b110000 [
0#
0=
b11011100 8
b11011100 6
b10 i
12
#30900000
02
#30910000
1]
1)
1E
b110000 *
b110000 :
b110000 F
b110000 X
b110000 ^
b10 i
12
#30920000
02
#30930000
0]
b1 g
b10 \
0)
0E
b11011101 5
b10 i
12
#30940000
02
#30950000
b10 i
12
#30960000
02
#30970000
1'
1C
b10100101010110101010010100011001 (
b10100101010110101010010100011001 ;
b10100101010110101010010100011001 D
b10100101010110101010010100011001 Q
b10100101010110101010010100011001 f
b10 i
12
#30980000
02
#30990000
b11 \
b10100101010110101010010100011001 Z
0'
0C
b11011101 4
b11011101 9
b10 i
12
#31000000
02
#31010000
1#
1=
b11001 %
b11001 <
b11001 ?
b11001 L
b11001 Y
b10 i
12
#31020000
02
#31030000
b1 \
b110100 [
0#
0=
b10 O
b11011101 "
b11011101 A
b11011101 P
b11001 !
b11001 @
b11001 N
b11011101 8
b11011101 6
b10 i
12
#31040000
02
#31050000
1]
1)
1E
b110100 *
b110100 :
b110100 F
b110100 X
b110100 ^
b10 i
12
#31060000
02
#31070000
0]
b10 \
0)
0E
b10 g
b11011110 5
b10 i
12
#31080000
02
#31090000
b10 i
12
#31100000
02
#31110000
1'
1C
b10100101010110101010010100011011 (
b10100101010110101010010100011011 ;
b10100101010110101010010100011011 D
b10100101010110101010010100011011 Q
b10100101010110101010010100011011 f
b10 i
12
#31120000
02
#31130000
0'
0C
b11 \
b10100101010110101010010100011011 Z
b11011110 4
b11011110 9
b10 i
12
#31140000
02
#31150000
1#
1=
b11011 %
b11011 <
b11011 ?
b11011 L
b11011 Y
b10 i
12
#31160000
02
#31170000
b0 O
0$
0>
b11011110 "
b11011110 A
b11011110 P
b11011 !
b11011 @
b11011 N
b1 \
b111000 [
0#
0=
b11011110 8
b11011110 6
b10 i
12
#31180000
02
#31190000
1]
1)
1E
b111000 *
b111000 :
b111000 F
b111000 X
b111000 ^
1$
1>
b10 i
12
#31200000
02
#31210000
0]
b11 g
b10 \
0)
0E
b11011111 5
b10 i
12
#31220000
02
#31230000
b10 i
12
#31240000
02
#31250000
1'
1C
b10100101010110101010010100011101 (
b10100101010110101010010100011101 ;
b10100101010110101010010100011101 D
b10100101010110101010010100011101 Q
b10100101010110101010010100011101 f
b10 i
12
#31260000
02
#31270000
b11 \
b10100101010110101010010100011101 Z
0'
0C
b11011111 4
b11011111 9
b10 i
12
#31280000
02
#31290000
1#
1=
b11101 %
b11101 <
b11101 ?
b11101 L
b11101 Y
b10 i
12
#31300000
02
#31310000
b1 \
b111100 [
0#
0=
b1 O
b11011111 "
b11011111 A
b11011111 P
b11101 !
b11101 @
b11101 N
b11011111 8
b11011111 6
b10 i
12
#31320000
02
#31330000
1]
1)
1E
b111100 *
b111100 :
b111100 F
b111100 X
b111100 ^
b10 i
12
#31340000
02
#31350000
0]
b10 \
0)
0E
b0 g
1&
1B
b11100000 5
b10 i
12
#31360000
02
#31370000
0&
0B
b10 i
12
#31380000
02
#31390000
1'
1C
b10100101010110101010010100011111 (
b10100101010110101010010100011111 ;
b10100101010110101010010100011111 D
b10100101010110101010010100011111 Q
b10100101010110101010010100011111 f
b10 i
12
#31400000
02
#31410000
0'
0C
b11 \
b10100101010110101010010100011111 Z
b11100000 4
b11100000 9
b10 i
12
#31420000
02
#31430000
1#
1=
b11111 %
b11111 <
b11111 ?
b11111 L
b11111 Y
b10 i
12
#31440000
02
#31450000
b10 O
b11100000 "
b11100000 A
b11100000 P
b11111 !
b11111 @
b11111 N
b1 \
b0 [
0#
0=
b11100000 8
b11100000 6
b10 i
12
#31460000
02
#31470000
1]
1)
1E
b0 *
b0 :
b0 F
b0 X
b0 ^
b10 i
12
#31480000
02
#31490000
0]
b1 g
b10 \
0)
0E
b11100001 5
b10 i
12
#31500000
02
#31510000
b10 i
12
#31520000
02
#31530000
1'
1C
b10100101010110101010010100000001 (
b10100101010110101010010100000001 ;
b10100101010110101010010100000001 D
b10100101010110101010010100000001 Q
b10100101010110101010010100000001 f
b10 i
12
#31540000
02
#31550000
b11 \
b10100101010110101010010100000001 Z
0'
0C
b11100001 4
b11100001 9
b10 i
12
#31560000
02
#31570000
1#
1=
b1 %
b1 <
b1 ?
b1 L
b1 Y
b10 i
12
#31580000
02
#31590000
b1 \
b100 [
0#
0=
b0 O
0$
0>
b11100001 "
b11100001 A
b11100001 P
b1 !
b1 @
b1 N
b11100001 8
b11100001 6
b10 i
12
#31600000
02
#31610000
1]
1$
1>
1)
1E
b100 *
b100 :
b100 F
b100 X
b100 ^
b10 i
12
#31620000
02
#31630000
0]
b10 \
0)
0E
b10 g
b11100010 5
b10 i
12
#31640000
02
#31650000
b10 i
12
#31660000
02
#31670000
1'
1C
b10100101010110101010010100000011 (
b10100101010110101010010100000011 ;
b10100101010110101010010100000011 D
b10100101010110101010010100000011 Q
b10100101010110101010010100000011 f
b10 i
12
#31680000
02
#31690000
0'
0C
b11 \
b10100101010110101010010100000011 Z
b11100010 4
b11100010 9
b10 i
12
#31700000
02
#31710000
1#
1=
b11 %
b11 <
b11 ?
b11 L
b11 Y
b10 i
12
#31720000
02
#31730000
b1 O
b11100010 "
b11100010 A
b11100010 P
b11 !
b11 @
b11 N
b1 \
b1000 [
0#
0=
b11100010 8
b11100010 6
b10 i
12
#31740000
02
#31750000
1]
1)
1E
b1000 *
b1000 :
b1000 F
b1000 X
b1000 ^
b10 i
12
#31760000
02
#31770000
0]
b11 g
b10 \
0)
0E
b11100011 5
b10 i
12
#31780000
02
#31790000
b10 i
12
#31800000
02
#31810000
1'
1C
b10100101010110101010010100000101 (
b10100101010110101010010100000101 ;
b10100101010110101010010100000101 D
b10100101010110101010010100000101 Q
b10100101010110101010010100000101 f
b10 i
12
#31820000
02
#31830000
b11 \
b10100101010110101010010100000101 Z
0'
0C
b11100011 4
b11100011 9
b10 i
12
#31840000
02
#31850000
1#
1=
b101 %
b101 <
b101 ?
b101 L
b101 Y
b10 i
12
#31860000
02
#31870000
b1 \
b1100 [
0#
0=
b10 O
b11100011 "
b11100011 A
b11100011 P
b101 !
b101 @
b101 N
b11100011 8
b11100011 6
b10 i
12
#31880000
02
#31890000
1]
1)
1E
b1100 *
b1100 :
b1100 F
b1100 X
b1100 ^
b10 i
12
#31900000
02
#31910000
0]
b10 \
0)
0E
b0 g
1&
1B
b11100100 5
b10 i
12
#31920000
02
#31930000
0&
0B
b10 i
12
#31940000
02
#31950000
1'
1C
b10100101010110101010010100000111 (
b10100101010110101010010100000111 ;
b10100101010110101010010100000111 D
b10100101010110101010010100000111 Q
b10100101010110101010010100000111 f
b10 i
12
#31960000
02
#31970000
0'
0C
b11 \
b10100101010110101010010100000111 Z
b11100100 4
b11100100 9
b10 i
12
#31980000
02
#31990000
1#
1=
b111 %
b111 <
b111 ?
b111 L
b111 Y
b10 i
12
#32000000
02
#32010000
b0 O
0$
0>
b11100100 "
b11100100 A
b11100100 P
b111 !
b111 @
b111 N
b1 \
b10000 [
0#
0=
b11100100 8
b11100100 6
b10 i
12
#32020000
02
#32030000
1]
1)
1E
b10000 *
b10000 :
b10000 F
b10000 X
b10000 ^
1$
1>
b10 i
12
#32040000
02
#32050000
0]
b1 g
b10 \
0)
0E
b11100101 5
b10 i
12
#32060000
02
#32070000
b10 i
12
#32080000
02
#32090000
1'
1C
b10100101010110101010010100001001 (
b10100101010110101010010100001001 ;
b10100101010110101010010100001001 D
b10100101010110101010010100001001 Q
b10100101010110101010010100001001 f
b10 i
12
#32100000
02
#32110000
b11 \
b10100101010110101010010100001001 Z
0'
0C
b11100101 4
b11100101 9
b10 i
12
#32120000
02
#32130000
1#
1=
b1001 %
b1001 <
b1001 ?
b1001 L
b1001 Y
b10 i
12
#32140000
02
#32150000
b1 \
b10100 [
0#
0=
b1 O
b11100101 "
b11100101 A
b11100101 P
b1001 !
b1001 @
b1001 N
b11100101 8
b11100101 6
b10 i
12
#32160000
02
#32170000
1]
1)
1E
b10100 *
b10100 :
b10100 F
b10100 X
b10100 ^
b10 i
12
#32180000
02
#32190000
0]
b10 \
0)
0E
b10 g
b11100110 5
b10 i
12
#32200000
02
#32210000
b10 i
12
#32220000
02
#32230000
1'
1C
b10100101010110101010010100001011 (
b10100101010110101010010100001011 ;
b10100101010110101010010100001011 D
b10100101010110101010010100001011 Q
b10100101010110101010010100001011 f
b10 i
12
#32240000
02
#32250000
0'
0C
b11 \
b10100101010110101010010100001011 Z
b11100110 4
b11100110 9
b10 i
12
#32260000
02
#32270000
1#
1=
b1011 %
b1011 <
b1011 ?
b1011 L
b1011 Y
b10 i
12
#32280000
02
#32290000
b10 O
b11100110 "
b11100110 A
b11100110 P
b1011 !
b1011 @
b1011 N
b1 \
b11000 [
0#
0=
b11100110 8
b11100110 6
b10 i
12
#32300000
02
#32310000
1]
1)
1E
b11000 *
b11000 :
b11000 F
b11000 X
b11000 ^
b10 i
12
#32320000
02
#32330000
0]
b11 g
b10 \
0)
0E
b11100111 5
b10 i
12
#32340000
02
#32350000
b10 i
12
#32360000
02
#32370000
1'
1C
b10100101010110101010010100001101 (
b10100101010110101010010100001101 ;
b10100101010110101010010100001101 D
b10100101010110101010010100001101 Q
b10100101010110101010010100001101 f
b10 i
12
#32380000
02
#32390000
b11 \
b10100101010110101010010100001101 Z
0'
0C
b11100111 4
b11100111 9
b10 i
12
#32400000
02
#32410000
1#
1=
b1101 %
b1101 <
b1101 ?
b1101 L
b1101 Y
b10 i
12
#32420000
02
#32430000
b1 \
b11100 [
0#
0=
b0 O
0$
0>
b11100111 "
b11100111 A
b11100111 P
b1101 !
b1101 @
b1101 N
b11100111 8
b11100111 6
b10 i
12
#32440000
02
#32450000
1]
1$
1>
1)
1E
b11100 *
b11100 :
b11100 F
b11100 X
b11100 ^
b10 i
12
#32460000
02
#32470000
0]
b10 \
0)
0E
b0 g
1&
1B
b11101000 5
b10 i
12
#32480000
02
#32490000
0&
0B
b10 i
12
#32500000
02
#32510000
1'
1C
b10100101010110101010010100001111 (
b10100101010110101010010100001111 ;
b10100101010110101010010100001111 D
b10100101010110101010010100001111 Q
b10100101010110101010010100001111 f
b10 i
12
#32520000
02
#32530000
0'
0C
b11 \
b10100101010110101010010100001111 Z
b11101000 4
b11101000 9
b10 i
12
#32540000
02
#32550000
1#
1=
b1111 %
b1111 <
b1111 ?
b1111 L
b1111 Y
b10 i
12
#32560000
02
#32570000
b1 O
b11101000 "
b11101000 A
b11101000 P
b1111 !
b1111 @
b1111 N
b1 \
b100000 [
0#
0=
b11101000 8
b11101000 6
b10 i
12
#32580000
02
#32590000
1]
1)
1E
b100000 *
b100000 :
b100000 F
b100000 X
b100000 ^
b10 i
12
#32600000
02
#32610000
0]
b1 g
b10 \
0)
0E
b11101001 5
b10 i
12
#32620000
02
#32630000
b10 i
12
#32640000
02
#32650000
1'
1C
b10100101010110101010010100010001 (
b10100101010110101010010100010001 ;
b10100101010110101010010100010001 D
b10100101010110101010010100010001 Q
b10100101010110101010010100010001 f
b10 i
12
#32660000
02
#32670000
b11 \
b10100101010110101010010100010001 Z
0'
0C
b11101001 4
b11101001 9
b10 i
12
#32680000
02
#32690000
1#
1=
b10001 %
b10001 <
b10001 ?
b10001 L
b10001 Y
b10 i
12
#32700000
02
#32710000
b1 \
b100100 [
0#
0=
b10 O
b11101001 "
b11101001 A
b11101001 P
b10001 !
b10001 @
b10001 N
b11101001 8
b11101001 6
b10 i
12
#32720000
02
#32730000
1]
1)
1E
b100100 *
b100100 :
b100100 F
b100100 X
b100100 ^
b10 i
12
#32740000
02
#32750000
0]
b10 \
0)
0E
b10 g
b11101010 5
b10 i
12
#32760000
02
#32770000
b10 i
12
#32780000
02
#32790000
1'
1C
b10100101010110101010010100010011 (
b10100101010110101010010100010011 ;
b10100101010110101010010100010011 D
b10100101010110101010010100010011 Q
b10100101010110101010010100010011 f
b10 i
12
#32800000
02
#32810000
0'
0C
b11 \
b10100101010110101010010100010011 Z
b11101010 4
b11101010 9
b10 i
12
#32820000
02
#32830000
1#
1=
b10011 %
b10011 <
b10011 ?
b10011 L
b10011 Y
b10 i
12
#32840000
02
#32850000
b0 O
0$
0>
b11101010 "
b11101010 A
b11101010 P
b10011 !
b10011 @
b10011 N
b1 \
b101000 [
0#
0=
b11101010 8
b11101010 6
b10 i
12
#32860000
02
#32870000
1]
1)
1E
b101000 *
b101000 :
b101000 F
b101000 X
b101000 ^
1$
1>
b10 i
12
#32880000
02
#32890000
0]
b11 g
b10 \
0)
0E
b11101011 5
b10 i
12
#32900000
02
#32910000
b10 i
12
#32920000
02
#32930000
1'
1C
b10100101010110101010010100010101 (
b10100101010110101010010100010101 ;
b10100101010110101010010100010101 D
b10100101010110101010010100010101 Q
b10100101010110101010010100010101 f
b10 i
12
#32940000
02
#32950000
b11 \
b10100101010110101010010100010101 Z
0'
0C
b11101011 4
b11101011 9
b10 i
12
#32960000
02
#32970000
1#
1=
b10101 %
b10101 <
b10101 ?
b10101 L
b10101 Y
b10 i
12
#32980000
02
#32990000
b1 \
b101100 [
0#
0=
b1 O
b11101011 "
b11101011 A
b11101011 P
b10101 !
b10101 @
b10101 N
b11101011 8
b11101011 6
b10 i
12
#33000000
02
#33010000
1]
1)
1E
b101100 *
b101100 :
b101100 F
b101100 X
b101100 ^
b10 i
12
#33020000
02
#33030000
0]
b10 \
0)
0E
b0 g
1&
1B
b11101100 5
b10 i
12
#33040000
02
#33050000
0&
0B
b10 i
12
#33060000
02
#33070000
1'
1C
b10100101010110101010010100010111 (
b10100101010110101010010100010111 ;
b10100101010110101010010100010111 D
b10100101010110101010010100010111 Q
b10100101010110101010010100010111 f
b10 i
12
#33080000
02
#33090000
0'
0C
b11 \
b10100101010110101010010100010111 Z
b11101100 4
b11101100 9
b10 i
12
#33100000
02
#33110000
1#
1=
b10111 %
b10111 <
b10111 ?
b10111 L
b10111 Y
b10 i
12
#33120000
02
#33130000
b10 O
b11101100 "
b11101100 A
b11101100 P
b10111 !
b10111 @
b10111 N
b1 \
b110000 [
0#
0=
b11101100 8
b11101100 6
b10 i
12
#33140000
02
#33150000
1]
1)
1E
b110000 *
b110000 :
b110000 F
b110000 X
b110000 ^
b10 i
12
#33160000
02
#33170000
0]
b1 g
b10 \
0)
0E
b11101101 5
b10 i
12
#33180000
02
#33190000
b10 i
12
#33200000
02
#33210000
1'
1C
b10100101010110101010010100011001 (
b10100101010110101010010100011001 ;
b10100101010110101010010100011001 D
b10100101010110101010010100011001 Q
b10100101010110101010010100011001 f
b10 i
12
#33220000
02
#33230000
b11 \
b10100101010110101010010100011001 Z
0'
0C
b11101101 4
b11101101 9
b10 i
12
#33240000
02
#33250000
1#
1=
b11001 %
b11001 <
b11001 ?
b11001 L
b11001 Y
b10 i
12
#33260000
02
#33270000
b1 \
b110100 [
0#
0=
b0 O
0$
0>
b11101101 "
b11101101 A
b11101101 P
b11001 !
b11001 @
b11001 N
b11101101 8
b11101101 6
b10 i
12
#33280000
02
#33290000
1]
1$
1>
1)
1E
b110100 *
b110100 :
b110100 F
b110100 X
b110100 ^
b10 i
12
#33300000
02
#33310000
0]
b10 \
0)
0E
b10 g
b11101110 5
b10 i
12
#33320000
02
#33330000
b10 i
12
#33340000
02
#33350000
1'
1C
b10100101010110101010010100011011 (
b10100101010110101010010100011011 ;
b10100101010110101010010100011011 D
b10100101010110101010010100011011 Q
b10100101010110101010010100011011 f
b10 i
12
#33360000
02
#33370000
0'
0C
b11 \
b10100101010110101010010100011011 Z
b11101110 4
b11101110 9
b10 i
12
#33380000
02
#33390000
1#
1=
b11011 %
b11011 <
b11011 ?
b11011 L
b11011 Y
b10 i
12
#33400000
02
#33410000
b1 O
b11101110 "
b11101110 A
b11101110 P
b11011 !
b11011 @
b11011 N
b1 \
b111000 [
0#
0=
b11101110 8
b11101110 6
b10 i
12
#33420000
02
#33430000
1]
1)
1E
b111000 *
b111000 :
b111000 F
b111000 X
b111000 ^
b10 i
12
#33440000
02
#33450000
0]
b11 g
b10 \
0)
0E
b11101111 5
b10 i
12
#33460000
02
#33470000
b10 i
12
#33480000
02
#33490000
1'
1C
b10100101010110101010010100011101 (
b10100101010110101010010100011101 ;
b10100101010110101010010100011101 D
b10100101010110101010010100011101 Q
b10100101010110101010010100011101 f
b10 i
12
#33500000
02
#33510000
b11 \
b10100101010110101010010100011101 Z
0'
0C
b11101111 4
b11101111 9
b10 i
12
#33520000
02
#33530000
1#
1=
b11101 %
b11101 <
b11101 ?
b11101 L
b11101 Y
b10 i
12
#33540000
02
#33550000
b1 \
b111100 [
0#
0=
b10 O
b11101111 "
b11101111 A
b11101111 P
b11101 !
b11101 @
b11101 N
b11101111 8
b11101111 6
b10 i
12
#33560000
02
#33570000
1]
1)
1E
b111100 *
b111100 :
b111100 F
b111100 X
b111100 ^
b10 i
12
#33580000
02
#33590000
0]
b10 \
0)
0E
b0 g
1&
1B
b11110000 5
b10 i
12
#33600000
02
#33610000
0&
0B
b10 i
12
#33620000
02
#33630000
1'
1C
b10100101010110101010010100011111 (
b10100101010110101010010100011111 ;
b10100101010110101010010100011111 D
b10100101010110101010010100011111 Q
b10100101010110101010010100011111 f
b10 i
12
#33640000
02
#33650000
0'
0C
b11 \
b10100101010110101010010100011111 Z
b11110000 4
b11110000 9
b10 i
12
#33660000
02
#33670000
1#
1=
b11111 %
b11111 <
b11111 ?
b11111 L
b11111 Y
b10 i
12
#33680000
02
#33690000
b0 O
0$
0>
b11110000 "
b11110000 A
b11110000 P
b11111 !
b11111 @
b11111 N
b1 \
b0 [
0#
0=
b11110000 8
b11110000 6
b10 i
12
#33700000
02
#33710000
1]
1)
1E
b0 *
b0 :
b0 F
b0 X
b0 ^
1$
1>
b10 i
12
#33720000
02
#33730000
0]
b1 g
b10 \
0)
0E
b11110001 5
b10 i
12
#33740000
02
#33750000
b10 i
12
#33760000
02
#33770000
1'
1C
b10100101010110101010010100000001 (
b10100101010110101010010100000001 ;
b10100101010110101010010100000001 D
b10100101010110101010010100000001 Q
b10100101010110101010010100000001 f
b10 i
12
#33780000
02
#33790000
b11 \
b10100101010110101010010100000001 Z
0'
0C
b11110001 4
b11110001 9
b10 i
12
#33800000
02
#33810000
1#
1=
b1 %
b1 <
b1 ?
b1 L
b1 Y
b10 i
12
#33820000
02
#33830000
b1 \
b100 [
0#
0=
b1 O
b11110001 "
b11110001 A
b11110001 P
b1 !
b1 @
b1 N
b11110001 8
b11110001 6
b10 i
12
#33840000
02
#33850000
1]
1)
1E
b100 *
b100 :
b100 F
b100 X
b100 ^
b10 i
12
#33860000
02
#33870000
0]
b10 \
0)
0E
b10 g
b11110010 5
b10 i
12
#33880000
02
#33890000
b10 i
12
#33900000
02
#33910000
1'
1C
b10100101010110101010010100000011 (
b10100101010110101010010100000011 ;
b10100101010110101010010100000011 D
b10100101010110101010010100000011 Q
b10100101010110101010010100000011 f
b10 i
12
#33920000
02
#33930000
0'
0C
b11 \
b10100101010110101010010100000011 Z
b11110010 4
b11110010 9
b10 i
12
#33940000
02
#33950000
1#
1=
b11 %
b11 <
b11 ?
b11 L
b11 Y
b10 i
12
#33960000
02
#33970000
b10 O
b11110010 "
b11110010 A
b11110010 P
b11 !
b11 @
b11 N
b1 \
b1000 [
0#
0=
b11110010 8
b11110010 6
b10 i
12
#33980000
02
#33990000
1]
1)
1E
b1000 *
b1000 :
b1000 F
b1000 X
b1000 ^
b10 i
12
#34000000
02
#34010000
0]
b11 g
b10 \
0)
0E
b11110011 5
b10 i
12
#34020000
02
#34030000
b10 i
12
#34040000
02
#34050000
1'
1C
b10100101010110101010010100000101 (
b10100101010110101010010100000101 ;
b10100101010110101010010100000101 D
b10100101010110101010010100000101 Q
b10100101010110101010010100000101 f
b10 i
12
#34060000
02
#34070000
b11 \
b10100101010110101010010100000101 Z
0'
0C
b11110011 4
b11110011 9
b10 i
12
#34080000
02
#34090000
1#
1=
b101 %
b101 <
b101 ?
b101 L
b101 Y
b10 i
12
#34100000
02
#34110000
b1 \
b1100 [
0#
0=
b0 O
0$
0>
b11110011 "
b11110011 A
b11110011 P
b101 !
b101 @
b101 N
b11110011 8
b11110011 6
b10 i
12
#34120000
02
#34130000
1]
1$
1>
1)
1E
b1100 *
b1100 :
b1100 F
b1100 X
b1100 ^
b10 i
12
#34140000
02
#34150000
0]
b10 \
0)
0E
b0 g
1&
1B
b11110100 5
b10 i
12
#34160000
02
#34170000
0&
0B
b10 i
12
#34180000
02
#34190000
1'
1C
b10100101010110101010010100000111 (
b10100101010110101010010100000111 ;
b10100101010110101010010100000111 D
b10100101010110101010010100000111 Q
b10100101010110101010010100000111 f
b10 i
12
#34200000
02
#34210000
0'
0C
b11 \
b10100101010110101010010100000111 Z
b11110100 4
b11110100 9
b10 i
12
#34220000
02
#34230000
1#
1=
b111 %
b111 <
b111 ?
b111 L
b111 Y
b10 i
12
#34240000
02
#34250000
b1 O
b11110100 "
b11110100 A
b11110100 P
b111 !
b111 @
b111 N
b1 \
b10000 [
0#
0=
b11110100 8
b11110100 6
b10 i
12
#34260000
02
#34270000
1]
1)
1E
b10000 *
b10000 :
b10000 F
b10000 X
b10000 ^
b10 i
12
#34280000
02
#34290000
0]
b1 g
b10 \
0)
0E
b11110101 5
b10 i
12
#34300000
02
#34310000
b10 i
12
#34320000
02
#34330000
1'
1C
b10100101010110101010010100001001 (
b10100101010110101010010100001001 ;
b10100101010110101010010100001001 D
b10100101010110101010010100001001 Q
b10100101010110101010010100001001 f
b10 i
12
#34340000
02
#34350000
b11 \
b10100101010110101010010100001001 Z
0'
0C
b11110101 4
b11110101 9
b10 i
12
#34360000
02
#34370000
1#
1=
b1001 %
b1001 <
b1001 ?
b1001 L
b1001 Y
b10 i
12
#34380000
02
#34390000
b1 \
b10100 [
0#
0=
b10 O
b11110101 "
b11110101 A
b11110101 P
b1001 !
b1001 @
b1001 N
b11110101 8
b11110101 6
b10 i
12
#34400000
02
#34410000
1]
1)
1E
b10100 *
b10100 :
b10100 F
b10100 X
b10100 ^
b10 i
12
#34420000
02
#34430000
0]
b10 \
0)
0E
b10 g
b11110110 5
b10 i
12
#34440000
02
#34450000
b10 i
12
#34460000
02
#34470000
1'
1C
b10100101010110101010010100001011 (
b10100101010110101010010100001011 ;
b10100101010110101010010100001011 D
b10100101010110101010010100001011 Q
b10100101010110101010010100001011 f
b10 i
12
#34480000
02
#34490000
0'
0C
b11 \
b10100101010110101010010100001011 Z
b11110110 4
b11110110 9
b10 i
12
#34500000
02
#34510000
1#
1=
b1011 %
b1011 <
b1011 ?
b1011 L
b1011 Y
b10 i
12
#34520000
02
#34530000
b0 O
0$
0>
b11110110 "
b11110110 A
b11110110 P
b1011 !
b1011 @
b1011 N
b1 \
b11000 [
0#
0=
b11110110 8
b11110110 6
b10 i
12
#34540000
02
#34550000
1]
1)
1E
b11000 *
b11000 :
b11000 F
b11000 X
b11000 ^
1$
1>
b10 i
12
#34560000
02
#34570000
0]
b11 g
b10 \
0)
0E
b11110111 5
b10 i
12
#34580000
02
#34590000
b10 i
12
#34600000
02
#34610000
1'
1C
b10100101010110101010010100001101 (
b10100101010110101010010100001101 ;
b10100101010110101010010100001101 D
b10100101010110101010010100001101 Q
b10100101010110101010010100001101 f
b10 i
12
#34620000
02
#34630000
b11 \
b10100101010110101010010100001101 Z
0'
0C
b11110111 4
b11110111 9
b10 i
12
#34640000
02
#34650000
1#
1=
b1101 %
b1101 <
b1101 ?
b1101 L
b1101 Y
b10 i
12
#34660000
02
#34670000
b1 \
b11100 [
0#
0=
b1 O
b11110111 "
b11110111 A
b11110111 P
b1101 !
b1101 @
b1101 N
b11110111 8
b11110111 6
b10 i
12
#34680000
02
#34690000
1]
1)
1E
b11100 *
b11100 :
b11100 F
b11100 X
b11100 ^
b10 i
12
#34700000
02
#34710000
0]
b10 \
0)
0E
b0 g
1&
1B
b11111000 5
b10 i
12
#34720000
02
#34730000
0&
0B
b10 i
12
#34740000
02
#34750000
1'
1C
b10100101010110101010010100001111 (
b10100101010110101010010100001111 ;
b10100101010110101010010100001111 D
b10100101010110101010010100001111 Q
b10100101010110101010010100001111 f
b10 i
12
#34760000
02
#34770000
0'
0C
b11 \
b10100101010110101010010100001111 Z
b11111000 4
b11111000 9
b10 i
12
#34780000
02
#34790000
1#
1=
b1111 %
b1111 <
b1111 ?
b1111 L
b1111 Y
b10 i
12
#34800000
02
#34810000
b10 O
b11111000 "
b11111000 A
b11111000 P
b1111 !
b1111 @
b1111 N
b1 \
b100000 [
0#
0=
b11111000 8
b11111000 6
b10 i
12
#34820000
02
#34830000
1]
1)
1E
b100000 *
b100000 :
b100000 F
b100000 X
b100000 ^
b10 i
12
#34840000
02
#34850000
0]
b1 g
b10 \
0)
0E
b11111001 5
b10 i
12
#34860000
02
#34870000
b10 i
12
#34880000
02
#34890000
1'
1C
b10100101010110101010010100010001 (
b10100101010110101010010100010001 ;
b10100101010110101010010100010001 D
b10100101010110101010010100010001 Q
b10100101010110101010010100010001 f
b10 i
12
#34900000
02
#34910000
b11 \
b10100101010110101010010100010001 Z
0'
0C
b11111001 4
b11111001 9
b10 i
12
#34920000
02
#34930000
1#
1=
b10001 %
b10001 <
b10001 ?
b10001 L
b10001 Y
b10 i
12
#34940000
02
#34950000
b1 \
b100100 [
0#
0=
b0 O
0$
0>
b11111001 "
b11111001 A
b11111001 P
b10001 !
b10001 @
b10001 N
b11111001 8
b11111001 6
b10 i
12
#34960000
02
#34970000
1]
1$
1>
1)
1E
b100100 *
b100100 :
b100100 F
b100100 X
b100100 ^
b10 i
12
#34980000
02
#34990000
0]
b10 \
0)
0E
b10 g
b11111010 5
b10 i
12
#35000000
02
#35010000
b10 i
12
#35020000
02
#35030000
1'
1C
b10100101010110101010010100010011 (
b10100101010110101010010100010011 ;
b10100101010110101010010100010011 D
b10100101010110101010010100010011 Q
b10100101010110101010010100010011 f
b10 i
12
#35040000
02
#35050000
0'
0C
b11 \
b10100101010110101010010100010011 Z
b11111010 4
b11111010 9
b10 i
12
#35060000
02
#35070000
1#
1=
b10011 %
b10011 <
b10011 ?
b10011 L
b10011 Y
b10 i
12
#35080000
02
#35090000
b1 O
b11111010 "
b11111010 A
b11111010 P
b10011 !
b10011 @
b10011 N
b1 \
b101000 [
0#
0=
b11111010 8
b11111010 6
b10 i
12
#35100000
02
#35110000
1]
1)
1E
b101000 *
b101000 :
b101000 F
b101000 X
b101000 ^
b10 i
12
#35120000
02
#35130000
0]
b11 g
b10 \
0)
0E
b11111011 5
b10 i
12
#35140000
02
#35150000
b10 i
12
#35160000
02
#35170000
1'
1C
b10100101010110101010010100010101 (
b10100101010110101010010100010101 ;
b10100101010110101010010100010101 D
b10100101010110101010010100010101 Q
b10100101010110101010010100010101 f
b10 i
12
#35180000
02
#35190000
b11 \
b10100101010110101010010100010101 Z
0'
0C
b11111011 4
b11111011 9
b10 i
12
#35200000
02
#35210000
1#
1=
b10101 %
b10101 <
b10101 ?
b10101 L
b10101 Y
b10 i
12
#35220000
02
#35230000
b1 \
b101100 [
0#
0=
b10 O
b11111011 "
b11111011 A
b11111011 P
b10101 !
b10101 @
b10101 N
b11111011 8
b11111011 6
b10 i
12
#35240000
02
#35250000
1]
1)
1E
b101100 *
b101100 :
b101100 F
b101100 X
b101100 ^
b10 i
12
#35260000
02
#35270000
0]
b10 \
0)
0E
b0 g
1&
1B
b11111100 5
b10 i
12
#35280000
02
#35290000
0&
0B
b10 i
12
#35300000
02
#35310000
1'
1C
b10100101010110101010010100010111 (
b10100101010110101010010100010111 ;
b10100101010110101010010100010111 D
b10100101010110101010010100010111 Q
b10100101010110101010010100010111 f
b10 i
12
#35320000
02
#35330000
0'
0C
b11 \
b10100101010110101010010100010111 Z
b11111100 4
b11111100 9
b10 i
12
#35340000
02
#35350000
1#
1=
b10111 %
b10111 <
b10111 ?
b10111 L
b10111 Y
b10 i
12
#35360000
02
#35370000
b0 O
0$
0>
b11111100 "
b11111100 A
b11111100 P
b10111 !
b10111 @
b10111 N
b1 \
b110000 [
0#
0=
b11111100 8
b11111100 6
b10 i
12
#35380000
02
#35390000
1]
1)
1E
b110000 *
b110000 :
b110000 F
b110000 X
b110000 ^
1$
1>
b10 i
12
#35400000
02
#35410000
0]
b1 g
b10 \
0)
0E
b11111101 5
b10 i
12
#35420000
02
#35430000
b10 i
12
#35440000
02
#35450000
1'
1C
b10100101010110101010010100011001 (
b10100101010110101010010100011001 ;
b10100101010110101010010100011001 D
b10100101010110101010010100011001 Q
b10100101010110101010010100011001 f
b10 i
12
#35460000
02
#35470000
b11 \
b10100101010110101010010100011001 Z
0'
0C
b11111101 4
b11111101 9
b10 i
12
#35480000
02
#35490000
1#
1=
b11001 %
b11001 <
b11001 ?
b11001 L
b11001 Y
b10 i
12
#35500000
02
#35510000
b1 \
b110100 [
0#
0=
b1 O
b11111101 "
b11111101 A
b11111101 P
b11001 !
b11001 @
b11001 N
b11111101 8
b11111101 6
b10 i
12
#35520000
02
#35530000
1]
1)
1E
b110100 *
b110100 :
b110100 F
b110100 X
b110100 ^
b10 i
12
#35540000
02
#35550000
0]
b10 \
0)
0E
b10 g
b11111110 5
b10 i
12
#35560000
02
#35570000
b10 i
12
#35580000
02
#35590000
1'
1C
b10100101010110101010010100011011 (
b10100101010110101010010100011011 ;
b10100101010110101010010100011011 D
b10100101010110101010010100011011 Q
b10100101010110101010010100011011 f
b10 i
12
#35600000
02
#35610000
0'
0C
b11 \
b10100101010110101010010100011011 Z
b11111110 4
b11111110 9
b10 i
12
#35620000
02
#35630000
1#
1=
b11011 %
b11011 <
b11011 ?
b11011 L
b11011 Y
b10 i
12
#35640000
02
#35650000
b10 O
b11111110 "
b11111110 A
b11111110 P
b11011 !
b11011 @
b11011 N
b1 \
b111000 [
0#
0=
b11111110 8
b11111110 6
b10 i
12
#35660000
02
#35670000
1]
1)
1E
b111000 *
b111000 :
b111000 F
b111000 X
b111000 ^
b10 i
12
#35680000
02
#35690000
0]
b11 g
b10 \
0)
0E
b11111111 5
b10 i
12
#35700000
02
#35710000
b10 i
12
#35720000
02
#35730000
1'
1C
b10100101010110101010010100011101 (
b10100101010110101010010100011101 ;
b10100101010110101010010100011101 D
b10100101010110101010010100011101 Q
b10100101010110101010010100011101 f
b10 i
12
#35740000
02
#35750000
b11 \
b10100101010110101010010100011101 Z
0'
0C
b11111111 4
b11111111 9
b10 i
12
#35760000
02
#35770000
1#
1=
b11101 %
b11101 <
b11101 ?
b11101 L
b11101 Y
b10 i
12
#35780000
02
#35790000
b1 \
b111100 [
0#
0=
b0 O
0$
0>
b11111111 "
b11111111 A
b11111111 P
b11101 !
b11101 @
b11101 N
b11111111 8
b11111111 6
b10 i
12
#35800000
02
#35810000
1]
1$
1>
1)
1E
b111100 *
b111100 :
b111100 F
b111100 X
b111100 ^
b10 i
12
#35820000
02
#35830000
0]
b10 \
0)
0E
b0 g
1&
1B
b100000000 5
b10 i
12
#35840000
02
#35850000
0&
0B
b10 i
12
#35860000
02
#35870000
1'
1C
b10100101010110101010010100011111 (
b10100101010110101010010100011111 ;
b10100101010110101010010100011111 D
b10100101010110101010010100011111 Q
b10100101010110101010010100011111 f
b10 i
12
#35880000
02
#35890000
0'
0C
b11 \
b10100101010110101010010100011111 Z
b100000000 4
b100000000 9
b10 i
12
#35900000
02
#35910000
1#
1=
b11111 %
b11111 <
b11111 ?
b11111 L
b11111 Y
b10 i
12
#35920000
02
#35930000
b1 O
b100000000 "
b100000000 A
b100000000 P
b11111 !
b11111 @
b11111 N
b1 \
b0 [
0#
0=
b100000000 8
b100000000 6
b10 i
12
#35940000
02
#35950000
1]
1)
1E
b0 *
b0 :
b0 F
b0 X
b0 ^
b10 i
12
#35960000
02
#35970000
0]
b1 g
b10 \
0)
0E
b100000001 5
b10 i
12
#35980000
02
#35990000
b10 i
12
#36000000
02
#36010000
1'
1C
b10100101010110101010010100000001 (
b10100101010110101010010100000001 ;
b10100101010110101010010100000001 D
b10100101010110101010010100000001 Q
b10100101010110101010010100000001 f
b10 i
12
#36020000
02
#36030000
b11 \
b10100101010110101010010100000001 Z
0'
0C
b100000001 4
b100000001 9
b10 i
12
#36040000
02
#36050000
1#
1=
b1 %
b1 <
b1 ?
b1 L
b1 Y
b10 i
12
#36060000
02
#36070000
b1 \
b100 [
0#
0=
b10 O
b100000001 "
b100000001 A
b100000001 P
b1 !
b1 @
b1 N
b100000001 8
b100000001 6
b10 i
12
#36080000
02
#36090000
1]
1)
1E
b100 *
b100 :
b100 F
b100 X
b100 ^
b10 i
12
#36100000
02
#36110000
0]
b10 \
0)
0E
b10 g
b100000010 5
b10 i
12
#36120000
02
#36130000
b10 i
12
#36140000
02
#36150000
1'
1C
b10100101010110101010010100000011 (
b10100101010110101010010100000011 ;
b10100101010110101010010100000011 D
b10100101010110101010010100000011 Q
b10100101010110101010010100000011 f
b10 i
12
#36160000
02
#36170000
0'
0C
b11 \
b10100101010110101010010100000011 Z
b100000010 4
b100000010 9
b10 i
12
#36180000
02
#36190000
1#
1=
b11 %
b11 <
b11 ?
b11 L
b11 Y
b10 i
12
#36200000
02
#36210000
b0 O
0$
0>
b100000010 "
b100000010 A
b100000010 P
b11 !
b11 @
b11 N
b1 \
b1000 [
0#
0=
b100000010 8
b100000010 6
b10 i
12
#36220000
02
#36230000
1]
1)
1E
b1000 *
b1000 :
b1000 F
b1000 X
b1000 ^
1$
1>
b10 i
12
#36240000
02
#36250000
0]
b11 g
b10 \
0)
0E
b100000011 5
b10 i
12
#36260000
02
#36270000
b10 i
12
#36280000
02
#36290000
1'
1C
b10100101010110101010010100000101 (
b10100101010110101010010100000101 ;
b10100101010110101010010100000101 D
b10100101010110101010010100000101 Q
b10100101010110101010010100000101 f
b10 i
12
#36300000
02
#36310000
b11 \
b10100101010110101010010100000101 Z
0'
0C
b100000011 4
b100000011 9
b10 i
12
#36320000
02
#36330000
1#
1=
b101 %
b101 <
b101 ?
b101 L
b101 Y
b10 i
12
#36340000
02
#36350000
b1 \
b1100 [
0#
0=
b1 O
b100000011 "
b100000011 A
b100000011 P
b101 !
b101 @
b101 N
b100000011 8
b100000011 6
b10 i
12
#36360000
02
#36370000
1]
1)
1E
b1100 *
b1100 :
b1100 F
b1100 X
b1100 ^
b10 i
12
#36380000
02
#36390000
0]
b10 \
0)
0E
b0 g
1&
1B
b100000100 5
b10 i
12
#36400000
02
#36410000
0&
0B
b10 i
12
#36420000
02
#36430000
1'
1C
b10100101010110101010010100000111 (
b10100101010110101010010100000111 ;
b10100101010110101010010100000111 D
b10100101010110101010010100000111 Q
b10100101010110101010010100000111 f
b10 i
12
#36440000
02
#36450000
0'
0C
b11 \
b10100101010110101010010100000111 Z
b100000100 4
b100000100 9
b10 i
12
#36460000
02
#36470000
1#
1=
b111 %
b111 <
b111 ?
b111 L
b111 Y
b10 i
12
#36480000
02
#36490000
b10 O
b100000100 "
b100000100 A
b100000100 P
b111 !
b111 @
b111 N
b1 \
b10000 [
0#
0=
b100000100 8
b100000100 6
b10 i
12
#36500000
02
#36510000
1]
1)
1E
b10000 *
b10000 :
b10000 F
b10000 X
b10000 ^
b10 i
12
#36520000
02
#36530000
0]
b1 g
b10 \
0)
0E
b100000101 5
b10 i
12
#36540000
02
#36550000
b10 i
12
#36560000
02
#36570000
1'
1C
b10100101010110101010010100001001 (
b10100101010110101010010100001001 ;
b10100101010110101010010100001001 D
b10100101010110101010010100001001 Q
b10100101010110101010010100001001 f
b10 i
12
#36580000
02
#36590000
b11 \
b10100101010110101010010100001001 Z
0'
0C
b100000101 4
b100000101 9
b10 i
12
#36600000
02
#36610000
1#
1=
b1001 %
b1001 <
b1001 ?
b1001 L
b1001 Y
b10 i
12
#36620000
02
#36630000
b1 \
b10100 [
0#
0=
b0 O
0$
0>
b100000101 "
b100000101 A
b100000101 P
b1001 !
b1001 @
b1001 N
b100000101 8
b100000101 6
b10 i
12
#36640000
02
#36650000
1]
1$
1>
1)
1E
b10100 *
b10100 :
b10100 F
b10100 X
b10100 ^
b10 i
12
#36660000
02
#36670000
0]
b10 \
0)
0E
b10 g
b100000110 5
b10 i
12
#36680000
02
#36690000
b10 i
12
#36700000
02
#36710000
1'
1C
b10100101010110101010010100001011 (
b10100101010110101010010100001011 ;
b10100101010110101010010100001011 D
b10100101010110101010010100001011 Q
b10100101010110101010010100001011 f
b10 i
12
#36720000
02
#36730000
0'
0C
b11 \
b10100101010110101010010100001011 Z
b100000110 4
b100000110 9
b10 i
12
#36740000
02
#36750000
1#
1=
b1011 %
b1011 <
b1011 ?
b1011 L
b1011 Y
b10 i
12
#36760000
02
#36770000
b1 O
b100000110 "
b100000110 A
b100000110 P
b1011 !
b1011 @
b1011 N
b1 \
b11000 [
0#
0=
b100000110 8
b100000110 6
b10 i
12
#36780000
02
#36790000
1]
1)
1E
b11000 *
b11000 :
b11000 F
b11000 X
b11000 ^
b10 i
12
#36800000
02
#36810000
0]
b11 g
b10 \
0)
0E
b100000111 5
b10 i
12
#36820000
02
#36830000
b10 i
12
#36840000
02
#36850000
1'
1C
b10100101010110101010010100001101 (
b10100101010110101010010100001101 ;
b10100101010110101010010100001101 D
b10100101010110101010010100001101 Q
b10100101010110101010010100001101 f
b10 i
12
#36860000
02
#36870000
b11 \
b10100101010110101010010100001101 Z
0'
0C
b100000111 4
b100000111 9
b10 i
12
#36880000
02
#36890000
1#
1=
b1101 %
b1101 <
b1101 ?
b1101 L
b1101 Y
b10 i
12
#36900000
02
#36910000
b1 \
b11100 [
0#
0=
b10 O
b100000111 "
b100000111 A
b100000111 P
b1101 !
b1101 @
b1101 N
b100000111 8
b100000111 6
b10 i
12
#36920000
02
#36930000
1]
1)
1E
b11100 *
b11100 :
b11100 F
b11100 X
b11100 ^
b10 i
12
#36940000
02
#36950000
0]
b10 \
0)
0E
b0 g
1&
1B
b100001000 5
b10 i
12
#36960000
02
#36970000
0&
0B
b10 i
12
#36980000
02
#36990000
1'
1C
b10100101010110101010010100001111 (
b10100101010110101010010100001111 ;
b10100101010110101010010100001111 D
b10100101010110101010010100001111 Q
b10100101010110101010010100001111 f
b10 i
12
#37000000
02
#37010000
0'
0C
b11 \
b10100101010110101010010100001111 Z
b100001000 4
b100001000 9
b10 i
12
#37020000
02
#37030000
1#
1=
b1111 %
b1111 <
b1111 ?
b1111 L
b1111 Y
b10 i
12
#37040000
02
#37050000
b0 O
0$
0>
b100001000 "
b100001000 A
b100001000 P
b1111 !
b1111 @
b1111 N
b1 \
b100000 [
0#
0=
b100001000 8
b100001000 6
b10 i
12
#37060000
02
#37070000
1]
1)
1E
b100000 *
b100000 :
b100000 F
b100000 X
b100000 ^
1$
1>
b10 i
12
#37080000
02
#37090000
0]
b1 g
b10 \
0)
0E
b100001001 5
b10 i
12
#37100000
02
#37110000
b10 i
12
#37120000
02
#37130000
1'
1C
b10100101010110101010010100010001 (
b10100101010110101010010100010001 ;
b10100101010110101010010100010001 D
b10100101010110101010010100010001 Q
b10100101010110101010010100010001 f
b10 i
12
#37140000
02
#37150000
b11 \
b10100101010110101010010100010001 Z
0'
0C
b100001001 4
b100001001 9
b10 i
12
#37160000
02
#37170000
1#
1=
b10001 %
b10001 <
b10001 ?
b10001 L
b10001 Y
b10 i
12
#37180000
02
#37190000
b1 \
b100100 [
0#
0=
b1 O
b100001001 "
b100001001 A
b100001001 P
b10001 !
b10001 @
b10001 N
b100001001 8
b100001001 6
b10 i
12
#37200000
02
#37210000
1]
1)
1E
b100100 *
b100100 :
b100100 F
b100100 X
b100100 ^
b10 i
12
#37220000
02
#37230000
0]
b10 \
0)
0E
b10 g
b100001010 5
b10 i
12
#37240000
02
#37250000
b10 i
12
#37260000
02
#37270000
1'
1C
b10100101010110101010010100010011 (
b10100101010110101010010100010011 ;
b10100101010110101010010100010011 D
b10100101010110101010010100010011 Q
b10100101010110101010010100010011 f
b10 i
12
#37280000
02
#37290000
0'
0C
b11 \
b10100101010110101010010100010011 Z
b100001010 4
b100001010 9
b10 i
12
#37300000
02
#37310000
1#
1=
b10011 %
b10011 <
b10011 ?
b10011 L
b10011 Y
b10 i
12
#37320000
02
#37330000
b10 O
b100001010 "
b100001010 A
b100001010 P
b10011 !
b10011 @
b10011 N
b1 \
b101000 [
0#
0=
b100001010 8
b100001010 6
b10 i
12
#37340000
02
#37350000
1]
1)
1E
b101000 *
b101000 :
b101000 F
b101000 X
b101000 ^
b10 i
12
#37360000
02
#37370000
0]
b11 g
b10 \
0)
0E
b100001011 5
b10 i
12
#37380000
02
#37390000
b10 i
12
#37400000
02
#37410000
1'
1C
b10100101010110101010010100010101 (
b10100101010110101010010100010101 ;
b10100101010110101010010100010101 D
b10100101010110101010010100010101 Q
b10100101010110101010010100010101 f
b10 i
12
#37420000
02
#37430000
b11 \
b10100101010110101010010100010101 Z
0'
0C
b100001011 4
b100001011 9
b10 i
12
#37440000
02
#37450000
1#
1=
b10101 %
b10101 <
b10101 ?
b10101 L
b10101 Y
b10 i
12
#37460000
02
#37470000
b1 \
b101100 [
0#
0=
b0 O
0$
0>
b100001011 "
b100001011 A
b100001011 P
b10101 !
b10101 @
b10101 N
b100001011 8
b100001011 6
b10 i
12
#37480000
02
#37490000
1]
1$
1>
1)
1E
b101100 *
b101100 :
b101100 F
b101100 X
b101100 ^
b10 i
12
#37500000
02
#37510000
0]
b10 \
0)
0E
b0 g
1&
1B
b100001100 5
b10 i
12
#37520000
02
#37530000
0&
0B
b10 i
12
#37540000
02
#37550000
1'
1C
b10100101010110101010010100010111 (
b10100101010110101010010100010111 ;
b10100101010110101010010100010111 D
b10100101010110101010010100010111 Q
b10100101010110101010010100010111 f
b10 i
12
#37560000
02
#37570000
0'
0C
b11 \
b10100101010110101010010100010111 Z
b100001100 4
b100001100 9
b10 i
12
#37580000
02
#37590000
1#
1=
b10111 %
b10111 <
b10111 ?
b10111 L
b10111 Y
b10 i
12
#37600000
02
#37610000
b1 O
b100001100 "
b100001100 A
b100001100 P
b10111 !
b10111 @
b10111 N
b1 \
b110000 [
0#
0=
b100001100 8
b100001100 6
b10 i
12
#37620000
02
#37630000
1]
1)
1E
b110000 *
b110000 :
b110000 F
b110000 X
b110000 ^
b10 i
12
#37640000
02
#37650000
0]
b1 g
b10 \
0)
0E
b100001101 5
b10 i
12
#37660000
02
#37670000
b10 i
12
#37680000
02
#37690000
1'
1C
b10100101010110101010010100011001 (
b10100101010110101010010100011001 ;
b10100101010110101010010100011001 D
b10100101010110101010010100011001 Q
b10100101010110101010010100011001 f
b10 i
12
#37700000
02
#37710000
b11 \
b10100101010110101010010100011001 Z
0'
0C
b100001101 4
b100001101 9
b10 i
12
#37720000
02
#37730000
1#
1=
b11001 %
b11001 <
b11001 ?
b11001 L
b11001 Y
b10 i
12
#37740000
02
#37750000
b1 \
b110100 [
0#
0=
b10 O
b100001101 "
b100001101 A
b100001101 P
b11001 !
b11001 @
b11001 N
b100001101 8
b100001101 6
b10 i
12
#37760000
02
#37770000
1]
1)
1E
b110100 *
b110100 :
b110100 F
b110100 X
b110100 ^
b10 i
12
#37780000
02
#37790000
0]
b10 \
0)
0E
b10 g
b100001110 5
b10 i
12
#37800000
02
#37810000
b10 i
12
#37820000
02
#37830000
1'
1C
b10100101010110101010010100011011 (
b10100101010110101010010100011011 ;
b10100101010110101010010100011011 D
b10100101010110101010010100011011 Q
b10100101010110101010010100011011 f
b10 i
12
#37840000
02
#37850000
0'
0C
b11 \
b10100101010110101010010100011011 Z
b100001110 4
b100001110 9
b10 i
12
#37860000
02
#37870000
1#
1=
b11011 %
b11011 <
b11011 ?
b11011 L
b11011 Y
b10 i
12
#37880000
02
#37890000
b0 O
0$
0>
b100001110 "
b100001110 A
b100001110 P
b11011 !
b11011 @
b11011 N
b1 \
b111000 [
0#
0=
b100001110 8
b100001110 6
b10 i
12
#37900000
02
#37910000
1]
1)
1E
b111000 *
b111000 :
b111000 F
b111000 X
b111000 ^
1$
1>
b10 i
12
#37920000
02
#37930000
0]
b11 g
b10 \
0)
0E
b100001111 5
b10 i
12
#37940000
02
#37950000
b10 i
12
#37960000
02
#37970000
1'
1C
b10100101010110101010010100011101 (
b10100101010110101010010100011101 ;
b10100101010110101010010100011101 D
b10100101010110101010010100011101 Q
b10100101010110101010010100011101 f
b10 i
12
#37980000
02
#37990000
b11 \
b10100101010110101010010100011101 Z
0'
0C
b100001111 4
b100001111 9
b10 i
12
#38000000
02
#38010000
1#
1=
b11101 %
b11101 <
b11101 ?
b11101 L
b11101 Y
b10 i
12
#38020000
02
#38030000
b1 \
b111100 [
0#
0=
b1 O
b100001111 "
b100001111 A
b100001111 P
b11101 !
b11101 @
b11101 N
b100001111 8
b100001111 6
b10 i
12
#38040000
02
#38050000
1]
1)
1E
b111100 *
b111100 :
b111100 F
b111100 X
b111100 ^
b10 i
12
#38060000
02
#38070000
0]
b10 \
0)
0E
b0 g
1&
1B
b100010000 5
b10 i
12
#38080000
02
#38090000
0&
0B
b10 i
12
#38100000
02
#38110000
1'
1C
b10100101010110101010010100011111 (
b10100101010110101010010100011111 ;
b10100101010110101010010100011111 D
b10100101010110101010010100011111 Q
b10100101010110101010010100011111 f
b10 i
12
#38120000
02
#38130000
0'
0C
b11 \
b10100101010110101010010100011111 Z
b100010000 4
b100010000 9
b10 i
12
#38140000
02
#38150000
1#
1=
b11111 %
b11111 <
b11111 ?
b11111 L
b11111 Y
b10 i
12
#38160000
02
#38170000
b10 O
b100010000 "
b100010000 A
b100010000 P
b11111 !
b11111 @
b11111 N
b1 \
b0 [
0#
0=
b100010000 8
b100010000 6
b10 i
12
#38180000
02
#38190000
1]
1)
1E
b0 *
b0 :
b0 F
b0 X
b0 ^
b10 i
12
#38200000
02
#38210000
0]
b1 g
b10 \
0)
0E
b100010001 5
b10 i
12
#38220000
02
#38230000
b10 i
12
#38240000
02
#38250000
1'
1C
b10100101010110101010010100000001 (
b10100101010110101010010100000001 ;
b10100101010110101010010100000001 D
b10100101010110101010010100000001 Q
b10100101010110101010010100000001 f
b10 i
12
#38260000
02
#38270000
b11 \
b10100101010110101010010100000001 Z
0'
0C
b100010001 4
b100010001 9
b10 i
12
#38280000
02
#38290000
1#
1=
b1 %
b1 <
b1 ?
b1 L
b1 Y
b10 i
12
#38300000
02
#38310000
b1 \
b100 [
0#
0=
b0 O
0$
0>
b100010001 "
b100010001 A
b100010001 P
b1 !
b1 @
b1 N
b100010001 8
b100010001 6
b10 i
12
#38320000
02
#38330000
1]
1$
1>
1)
1E
b100 *
b100 :
b100 F
b100 X
b100 ^
b10 i
12
#38340000
02
#38350000
0]
b10 \
0)
0E
b10 g
b100010010 5
b10 i
12
#38360000
02
#38370000
b10 i
12
#38380000
02
#38390000
1'
1C
b10100101010110101010010100000011 (
b10100101010110101010010100000011 ;
b10100101010110101010010100000011 D
b10100101010110101010010100000011 Q
b10100101010110101010010100000011 f
b10 i
12
#38400000
02
#38410000
0'
0C
b11 \
b10100101010110101010010100000011 Z
b100010010 4
b100010010 9
b10 i
12
#38420000
02
#38430000
1#
1=
b11 %
b11 <
b11 ?
b11 L
b11 Y
b10 i
12
#38440000
02
#38450000
b1 O
b100010010 "
b100010010 A
b100010010 P
b11 !
b11 @
b11 N
b1 \
b1000 [
0#
0=
b100010010 8
b100010010 6
b10 i
12
#38460000
02
#38470000
1]
1)
1E
b1000 *
b1000 :
b1000 F
b1000 X
b1000 ^
b10 i
12
#38480000
02
#38490000
0]
b11 g
b10 \
0)
0E
b100010011 5
b10 i
12
#38500000
02
#38510000
b10 i
12
#38520000
02
#38530000
1'
1C
b10100101010110101010010100000101 (
b10100101010110101010010100000101 ;
b10100101010110101010010100000101 D
b10100101010110101010010100000101 Q
b10100101010110101010010100000101 f
b10 i
12
#38540000
02
#38550000
b11 \
b10100101010110101010010100000101 Z
0'
0C
b100010011 4
b100010011 9
b10 i
12
#38560000
02
#38570000
1#
1=
b101 %
b101 <
b101 ?
b101 L
b101 Y
b10 i
12
#38580000
02
#38590000
b1 \
b1100 [
0#
0=
b10 O
b100010011 "
b100010011 A
b100010011 P
b101 !
b101 @
b101 N
b100010011 8
b100010011 6
b10 i
12
#38600000
02
#38610000
1]
1)
1E
b1100 *
b1100 :
b1100 F
b1100 X
b1100 ^
b10 i
12
#38620000
02
#38630000
0]
b10 \
0)
0E
b0 g
1&
1B
b100010100 5
b10 i
12
#38640000
02
#38650000
0&
0B
b10 i
12
#38660000
02
#38670000
1'
1C
b10100101010110101010010100000111 (
b10100101010110101010010100000111 ;
b10100101010110101010010100000111 D
b10100101010110101010010100000111 Q
b10100101010110101010010100000111 f
b10 i
12
#38680000
02
#38690000
0'
0C
b11 \
b10100101010110101010010100000111 Z
b100010100 4
b100010100 9
b10 i
12
#38700000
02
#38710000
1#
1=
b111 %
b111 <
b111 ?
b111 L
b111 Y
b10 i
12
#38720000
02
#38730000
b0 O
0$
0>
b100010100 "
b100010100 A
b100010100 P
b111 !
b111 @
b111 N
b1 \
b10000 [
0#
0=
b100010100 8
b100010100 6
b10 i
12
#38740000
02
#38750000
1]
1)
1E
b10000 *
b10000 :
b10000 F
b10000 X
b10000 ^
1$
1>
b10 i
12
#38760000
02
#38770000
0]
b1 g
b10 \
0)
0E
b100010101 5
b10 i
12
#38780000
02
#38790000
b10 i
12
#38800000
02
#38810000
1'
1C
b10100101010110101010010100001001 (
b10100101010110101010010100001001 ;
b10100101010110101010010100001001 D
b10100101010110101010010100001001 Q
b10100101010110101010010100001001 f
b10 i
12
#38820000
02
#38830000
b11 \
b10100101010110101010010100001001 Z
0'
0C
b100010101 4
b100010101 9
b10 i
12
#38840000
02
#38850000
1#
1=
b1001 %
b1001 <
b1001 ?
b1001 L
b1001 Y
b10 i
12
#38860000
02
#38870000
b1 \
b10100 [
0#
0=
b1 O
b100010101 "
b100010101 A
b100010101 P
b1001 !
b1001 @
b1001 N
b100010101 8
b100010101 6
b10 i
12
#38880000
02
#38890000
1]
1)
1E
b10100 *
b10100 :
b10100 F
b10100 X
b10100 ^
b10 i
12
#38900000
02
#38910000
0]
b10 \
0)
0E
b10 g
b100010110 5
b10 i
12
#38920000
02
#38930000
b10 i
12
#38940000
02
#38950000
1'
1C
b10100101010110101010010100001011 (
b10100101010110101010010100001011 ;
b10100101010110101010010100001011 D
b10100101010110101010010100001011 Q
b10100101010110101010010100001011 f
b10 i
12
#38960000
02
#38970000
0'
0C
b11 \
b10100101010110101010010100001011 Z
b100010110 4
b100010110 9
b10 i
12
#38980000
02
#38990000
1#
1=
b1011 %
b1011 <
b1011 ?
b1011 L
b1011 Y
b10 i
12
#39000000
02
#39010000
b10 O
b100010110 "
b100010110 A
b100010110 P
b1011 !
b1011 @
b1011 N
b1 \
b11000 [
0#
0=
b100010110 8
b100010110 6
b10 i
12
#39020000
02
#39030000
1]
1)
1E
b11000 *
b11000 :
b11000 F
b11000 X
b11000 ^
b10 i
12
#39040000
02
#39050000
0]
b11 g
b10 \
0)
0E
b100010111 5
b10 i
12
#39060000
02
#39070000
b10 i
12
#39080000
02
#39090000
1'
1C
b10100101010110101010010100001101 (
b10100101010110101010010100001101 ;
b10100101010110101010010100001101 D
b10100101010110101010010100001101 Q
b10100101010110101010010100001101 f
b10 i
12
#39100000
02
#39110000
b11 \
b10100101010110101010010100001101 Z
0'
0C
b100010111 4
b100010111 9
b10 i
12
#39120000
02
#39130000
1#
1=
b1101 %
b1101 <
b1101 ?
b1101 L
b1101 Y
b10 i
12
#39140000
02
#39150000
b1 \
b11100 [
0#
0=
b0 O
0$
0>
b100010111 "
b100010111 A
b100010111 P
b1101 !
b1101 @
b1101 N
b100010111 8
b100010111 6
b10 i
12
#39160000
02
#39170000
1]
1$
1>
1)
1E
b11100 *
b11100 :
b11100 F
b11100 X
b11100 ^
b10 i
12
#39180000
02
#39190000
0]
b10 \
0)
0E
b0 g
1&
1B
b100011000 5
b10 i
12
#39200000
02
#39210000
0&
0B
b10 i
12
#39220000
02
#39230000
1'
1C
b10100101010110101010010100001111 (
b10100101010110101010010100001111 ;
b10100101010110101010010100001111 D
b10100101010110101010010100001111 Q
b10100101010110101010010100001111 f
b10 i
12
#39240000
02
#39250000
0'
0C
b11 \
b10100101010110101010010100001111 Z
b100011000 4
b100011000 9
b10 i
12
#39260000
02
#39270000
1#
1=
b1111 %
b1111 <
b1111 ?
b1111 L
b1111 Y
b10 i
12
#39280000
02
#39290000
b1 O
b100011000 "
b100011000 A
b100011000 P
b1111 !
b1111 @
b1111 N
b1 \
b100000 [
0#
0=
b100011000 8
b100011000 6
b10 i
12
#39300000
02
#39310000
1]
1)
1E
b100000 *
b100000 :
b100000 F
b100000 X
b100000 ^
b10 i
12
#39320000
02
#39330000
0]
b1 g
b10 \
0)
0E
b100011001 5
b10 i
12
#39340000
02
#39350000
b10 i
12
#39360000
02
#39370000
1'
1C
b10100101010110101010010100010001 (
b10100101010110101010010100010001 ;
b10100101010110101010010100010001 D
b10100101010110101010010100010001 Q
b10100101010110101010010100010001 f
b10 i
12
#39380000
02
#39390000
b11 \
b10100101010110101010010100010001 Z
0'
0C
b100011001 4
b100011001 9
b10 i
12
#39400000
02
#39410000
1#
1=
b10001 %
b10001 <
b10001 ?
b10001 L
b10001 Y
b10 i
12
#39420000
02
#39430000
b1 \
b100100 [
0#
0=
b10 O
b100011001 "
b100011001 A
b100011001 P
b10001 !
b10001 @
b10001 N
b100011001 8
b100011001 6
b10 i
12
#39440000
02
#39450000
1]
1)
1E
b100100 *
b100100 :
b100100 F
b100100 X
b100100 ^
b10 i
12
#39460000
02
#39470000
0]
b10 \
0)
0E
b10 g
b100011010 5
b10 i
12
#39480000
02
#39490000
b10 i
12
#39500000
02
#39510000
1'
1C
b10100101010110101010010100010011 (
b10100101010110101010010100010011 ;
b10100101010110101010010100010011 D
b10100101010110101010010100010011 Q
b10100101010110101010010100010011 f
b10 i
12
#39520000
02
#39530000
0'
0C
b11 \
b10100101010110101010010100010011 Z
b100011010 4
b100011010 9
b10 i
12
#39540000
02
#39550000
1#
1=
b10011 %
b10011 <
b10011 ?
b10011 L
b10011 Y
b10 i
12
#39560000
02
#39570000
b0 O
0$
0>
b100011010 "
b100011010 A
b100011010 P
b10011 !
b10011 @
b10011 N
b1 \
b101000 [
0#
0=
b100011010 8
b100011010 6
b10 i
12
#39580000
02
#39590000
1]
1)
1E
b101000 *
b101000 :
b101000 F
b101000 X
b101000 ^
1$
1>
b10 i
12
#39600000
02
#39610000
0]
b11 g
b10 \
0)
0E
b100011011 5
b10 i
12
#39620000
02
#39630000
b10 i
12
#39640000
02
#39650000
1'
1C
b10100101010110101010010100010101 (
b10100101010110101010010100010101 ;
b10100101010110101010010100010101 D
b10100101010110101010010100010101 Q
b10100101010110101010010100010101 f
b10 i
12
#39660000
02
#39670000
b11 \
b10100101010110101010010100010101 Z
0'
0C
b100011011 4
b100011011 9
b10 i
12
#39680000
02
#39690000
1#
1=
b10101 %
b10101 <
b10101 ?
b10101 L
b10101 Y
b10 i
12
#39700000
02
#39710000
b1 \
b101100 [
0#
0=
b1 O
b100011011 "
b100011011 A
b100011011 P
b10101 !
b10101 @
b10101 N
b100011011 8
b100011011 6
b10 i
12
#39720000
02
#39730000
1]
1)
1E
b101100 *
b101100 :
b101100 F
b101100 X
b101100 ^
b10 i
12
#39740000
02
#39750000
0]
b10 \
0)
0E
b0 g
1&
1B
b100011100 5
b10 i
12
#39760000
02
#39770000
0&
0B
b10 i
12
#39780000
02
#39790000
1'
1C
b10100101010110101010010100010111 (
b10100101010110101010010100010111 ;
b10100101010110101010010100010111 D
b10100101010110101010010100010111 Q
b10100101010110101010010100010111 f
b10 i
12
#39800000
02
#39810000
0'
0C
b11 \
b10100101010110101010010100010111 Z
b100011100 4
b100011100 9
b10 i
12
#39820000
02
#39830000
1#
1=
b10111 %
b10111 <
b10111 ?
b10111 L
b10111 Y
b10 i
12
#39840000
02
#39850000
b10 O
b100011100 "
b100011100 A
b100011100 P
b10111 !
b10111 @
b10111 N
b1 \
b110000 [
0#
0=
b100011100 8
b100011100 6
b10 i
12
#39860000
02
#39870000
1]
1)
1E
b110000 *
b110000 :
b110000 F
b110000 X
b110000 ^
b10 i
12
#39880000
02
#39890000
0]
b1 g
b10 \
0)
0E
b100011101 5
b10 i
12
#39900000
02
#39910000
b10 i
12
#39920000
02
#39930000
1'
1C
b10100101010110101010010100011001 (
b10100101010110101010010100011001 ;
b10100101010110101010010100011001 D
b10100101010110101010010100011001 Q
b10100101010110101010010100011001 f
b10 i
12
#39940000
02
#39950000
b11 \
b10100101010110101010010100011001 Z
0'
0C
b100011101 4
b100011101 9
b10 i
12
#39960000
02
#39970000
1#
1=
b11001 %
b11001 <
b11001 ?
b11001 L
b11001 Y
b10 i
12
#39980000
02
#39990000
b1 \
b110100 [
0#
0=
b0 O
0$
0>
b100011101 "
b100011101 A
b100011101 P
b11001 !
b11001 @
b11001 N
b100011101 8
b100011101 6
b10 i
12
#40000000
02
#40010000
1]
1$
1>
1)
1E
b110100 *
b110100 :
b110100 F
b110100 X
b110100 ^
b10 i
12
#40020000
02
#40030000
0]
b10 \
0)
0E
b10 g
b100011110 5
b10 i
12
#40040000
02
#40050000
b10 i
12
#40060000
02
#40070000
1'
1C
b10100101010110101010010100011011 (
b10100101010110101010010100011011 ;
b10100101010110101010010100011011 D
b10100101010110101010010100011011 Q
b10100101010110101010010100011011 f
b10 i
12
#40080000
02
#40090000
0'
0C
b11 \
b10100101010110101010010100011011 Z
b100011110 4
b100011110 9
b10 i
12
#40100000
02
#40110000
1#
1=
b11011 %
b11011 <
b11011 ?
b11011 L
b11011 Y
b10 i
12
#40120000
02
#40130000
b1 O
b100011110 "
b100011110 A
b100011110 P
b11011 !
b11011 @
b11011 N
b1 \
b111000 [
0#
0=
b100011110 8
b100011110 6
b10 i
12
#40140000
02
#40150000
1]
1)
1E
b111000 *
b111000 :
b111000 F
b111000 X
b111000 ^
b10 i
12
#40160000
02
#40170000
0]
b11 g
b10 \
0)
0E
b100011111 5
b10 i
12
#40180000
02
#40190000
b10 i
12
#40200000
02
#40210000
1'
1C
b10100101010110101010010100011101 (
b10100101010110101010010100011101 ;
b10100101010110101010010100011101 D
b10100101010110101010010100011101 Q
b10100101010110101010010100011101 f
b10 i
12
#40220000
02
#40230000
b11 \
b10100101010110101010010100011101 Z
0'
0C
b100011111 4
b100011111 9
b10 i
12
#40240000
02
#40250000
1#
1=
b11101 %
b11101 <
b11101 ?
b11101 L
b11101 Y
b10 i
12
#40260000
02
#40270000
b1 \
b111100 [
0#
0=
b10 O
b100011111 "
b100011111 A
b100011111 P
b11101 !
b11101 @
b11101 N
b100011111 8
b100011111 6
b10 i
12
#40280000
02
#40290000
1]
1)
1E
b111100 *
b111100 :
b111100 F
b111100 X
b111100 ^
b10 i
12
#40300000
02
#40310000
0]
b10 \
0)
0E
b0 g
1&
1B
b100100000 5
b10 i
12
#40320000
02
#40330000
0&
0B
b10 i
12
#40340000
02
#40350000
1'
1C
b10100101010110101010010100011111 (
b10100101010110101010010100011111 ;
b10100101010110101010010100011111 D
b10100101010110101010010100011111 Q
b10100101010110101010010100011111 f
b10 i
12
#40360000
02
#40370000
0'
0C
b11 \
b10100101010110101010010100011111 Z
b100100000 4
b100100000 9
b10 i
12
#40380000
02
#40390000
1#
1=
b11111 %
b11111 <
b11111 ?
b11111 L
b11111 Y
b10 i
12
#40400000
02
#40410000
b0 O
0$
0>
b100100000 "
b100100000 A
b100100000 P
b11111 !
b11111 @
b11111 N
b1 \
b0 [
0#
0=
b100100000 8
b100100000 6
b10 i
12
#40420000
02
#40430000
1]
1)
1E
b0 *
b0 :
b0 F
b0 X
b0 ^
1$
1>
b10 i
12
#40440000
02
#40450000
0]
b1 g
b10 \
0)
0E
b100100001 5
b10 i
12
#40460000
02
#40470000
b10 i
12
#40480000
02
#40490000
1'
1C
b10100101010110101010010100000001 (
b10100101010110101010010100000001 ;
b10100101010110101010010100000001 D
b10100101010110101010010100000001 Q
b10100101010110101010010100000001 f
b10 i
12
#40500000
02
#40510000
b11 \
b10100101010110101010010100000001 Z
0'
0C
b100100001 4
b100100001 9
b10 i
12
#40520000
02
#40530000
1#
1=
b1 %
b1 <
b1 ?
b1 L
b1 Y
b10 i
12
#40540000
02
#40550000
b1 \
b100 [
0#
0=
b1 O
b100100001 "
b100100001 A
b100100001 P
b1 !
b1 @
b1 N
b100100001 8
b100100001 6
b10 i
12
#40560000
02
#40570000
1]
1)
1E
b100 *
b100 :
b100 F
b100 X
b100 ^
b10 i
12
#40580000
02
#40590000
0]
b10 \
0)
0E
b10 g
b100100010 5
b10 i
12
#40600000
02
#40610000
b10 i
12
#40620000
02
#40630000
1'
1C
b10100101010110101010010100000011 (
b10100101010110101010010100000011 ;
b10100101010110101010010100000011 D
b10100101010110101010010100000011 Q
b10100101010110101010010100000011 f
b10 i
12
#40640000
02
#40650000
0'
0C
b11 \
b10100101010110101010010100000011 Z
b100100010 4
b100100010 9
b10 i
12
#40660000
02
#40670000
1#
1=
b11 %
b11 <
b11 ?
b11 L
b11 Y
b10 i
12
#40680000
02
#40690000
b10 O
b100100010 "
b100100010 A
b100100010 P
b11 !
b11 @
b11 N
b1 \
b1000 [
0#
0=
b100100010 8
b100100010 6
b10 i
12
#40700000
02
#40710000
1]
1)
1E
b1000 *
b1000 :
b1000 F
b1000 X
b1000 ^
b10 i
12
#40720000
02
#40730000
0]
b11 g
b10 \
0)
0E
b100100011 5
b10 i
12
#40740000
02
#40750000
b10 i
12
#40760000
02
#40770000
1'
1C
b10100101010110101010010100000101 (
b10100101010110101010010100000101 ;
b10100101010110101010010100000101 D
b10100101010110101010010100000101 Q
b10100101010110101010010100000101 f
b10 i
12
#40780000
02
#40790000
b11 \
b10100101010110101010010100000101 Z
0'
0C
b100100011 4
b100100011 9
b10 i
12
#40800000
02
#40810000
1#
1=
b101 %
b101 <
b101 ?
b101 L
b101 Y
b10 i
12
#40820000
02
#40830000
b1 \
b1100 [
0#
0=
b0 O
0$
0>
b100100011 "
b100100011 A
b100100011 P
b101 !
b101 @
b101 N
b100100011 8
b100100011 6
b10 i
12
#40840000
02
#40850000
1]
1$
1>
1)
1E
b1100 *
b1100 :
b1100 F
b1100 X
b1100 ^
b10 i
12
#40860000
02
#40870000
0]
b10 \
0)
0E
b0 g
1&
1B
b100100100 5
b10 i
12
#40880000
02
#40890000
0&
0B
b10 i
12
#40900000
02
#40910000
1'
1C
b10100101010110101010010100000111 (
b10100101010110101010010100000111 ;
b10100101010110101010010100000111 D
b10100101010110101010010100000111 Q
b10100101010110101010010100000111 f
b10 i
12
#40920000
02
#40930000
0'
0C
b11 \
b10100101010110101010010100000111 Z
b100100100 4
b100100100 9
b10 i
12
#40940000
02
#40950000
1#
1=
b111 %
b111 <
b111 ?
b111 L
b111 Y
b10 i
12
#40960000
02
#40970000
b1 O
b100100100 "
b100100100 A
b100100100 P
b111 !
b111 @
b111 N
b1 \
b10000 [
0#
0=
b100100100 8
b100100100 6
b10 i
12
#40980000
02
#40990000
1]
1)
1E
b10000 *
b10000 :
b10000 F
b10000 X
b10000 ^
b10 i
12
#41000000
02
#41010000
0]
b1 g
b10 \
0)
0E
b100100101 5
b10 i
12
#41020000
02
#41030000
b10 i
12
#41040000
02
#41050000
1'
1C
b10100101010110101010010100001001 (
b10100101010110101010010100001001 ;
b10100101010110101010010100001001 D
b10100101010110101010010100001001 Q
b10100101010110101010010100001001 f
b10 i
12
#41060000
02
#41070000
b11 \
b10100101010110101010010100001001 Z
0'
0C
b100100101 4
b100100101 9
b10 i
12
#41080000
02
#41090000
1#
1=
b1001 %
b1001 <
b1001 ?
b1001 L
b1001 Y
b10 i
12
#41100000
02
#41110000
b1 \
b10100 [
0#
0=
b10 O
b100100101 "
b100100101 A
b100100101 P
b1001 !
b1001 @
b1001 N
b100100101 8
b100100101 6
b10 i
12
#41120000
02
#41130000
1]
1)
1E
b10100 *
b10100 :
b10100 F
b10100 X
b10100 ^
b10 i
12
#41140000
02
#41150000
0]
b10 \
0)
0E
b10 g
b100100110 5
b10 i
12
#41160000
02
#41170000
b10 i
12
#41180000
02
#41190000
1'
1C
b10100101010110101010010100001011 (
b10100101010110101010010100001011 ;
b10100101010110101010010100001011 D
b10100101010110101010010100001011 Q
b10100101010110101010010100001011 f
b10 i
12
#41200000
02
#41210000
0'
0C
b11 \
b10100101010110101010010100001011 Z
b100100110 4
b100100110 9
b10 i
12
#41220000
02
#41230000
1#
1=
b1011 %
b1011 <
b1011 ?
b1011 L
b1011 Y
b10 i
12
#41240000
02
#41250000
b0 O
0$
0>
b100100110 "
b100100110 A
b100100110 P
b1011 !
b1011 @
b1011 N
b1 \
b11000 [
0#
0=
b100100110 8
b100100110 6
b10 i
12
#41260000
02
#41270000
1]
1)
1E
b11000 *
b11000 :
b11000 F
b11000 X
b11000 ^
1$
1>
b10 i
12
#41280000
02
#41290000
0]
b11 g
b10 \
0)
0E
b100100111 5
b10 i
12
#41300000
02
#41310000
b10 i
12
#41320000
02
#41330000
1'
1C
b10100101010110101010010100001101 (
b10100101010110101010010100001101 ;
b10100101010110101010010100001101 D
b10100101010110101010010100001101 Q
b10100101010110101010010100001101 f
b10 i
12
#41340000
02
#41350000
b11 \
b10100101010110101010010100001101 Z
0'
0C
b100100111 4
b100100111 9
b10 i
12
#41360000
02
#41370000
1#
1=
b1101 %
b1101 <
b1101 ?
b1101 L
b1101 Y
b10 i
12
#41380000
02
#41390000
b1 \
b11100 [
0#
0=
b1 O
b100100111 "
b100100111 A
b100100111 P
b1101 !
b1101 @
b1101 N
b100100111 8
b100100111 6
b10 i
12
#41400000
02
#41410000
1]
1)
1E
b11100 *
b11100 :
b11100 F
b11100 X
b11100 ^
b10 i
12
#41420000
02
#41430000
0]
b10 \
0)
0E
b0 g
1&
1B
b100101000 5
b10 i
12
#41440000
02
#41450000
0&
0B
b10 i
12
#41460000
02
#41470000
1'
1C
b10100101010110101010010100001111 (
b10100101010110101010010100001111 ;
b10100101010110101010010100001111 D
b10100101010110101010010100001111 Q
b10100101010110101010010100001111 f
b10 i
12
#41480000
02
#41490000
0'
0C
b11 \
b10100101010110101010010100001111 Z
b100101000 4
b100101000 9
b10 i
12
#41500000
02
#41510000
1#
1=
b1111 %
b1111 <
b1111 ?
b1111 L
b1111 Y
b10 i
12
#41520000
02
#41530000
b10 O
b100101000 "
b100101000 A
b100101000 P
b1111 !
b1111 @
b1111 N
b1 \
b100000 [
0#
0=
b100101000 8
b100101000 6
b10 i
12
#41540000
02
#41550000
1]
1)
1E
b100000 *
b100000 :
b100000 F
b100000 X
b100000 ^
b10 i
12
#41560000
02
#41570000
0]
b1 g
b10 \
0)
0E
b100101001 5
b10 i
12
#41580000
02
#41590000
b10 i
12
#41600000
02
#41610000
1'
1C
b10100101010110101010010100010001 (
b10100101010110101010010100010001 ;
b10100101010110101010010100010001 D
b10100101010110101010010100010001 Q
b10100101010110101010010100010001 f
b10 i
12
#41620000
02
#41630000
b11 \
b10100101010110101010010100010001 Z
0'
0C
b100101001 4
b100101001 9
b10 i
12
#41640000
02
#41650000
1#
1=
b10001 %
b10001 <
b10001 ?
b10001 L
b10001 Y
b10 i
12
#41660000
02
#41670000
b1 \
b100100 [
0#
0=
b0 O
0$
0>
b100101001 "
b100101001 A
b100101001 P
b10001 !
b10001 @
b10001 N
b100101001 8
b100101001 6
b10 i
12
#41680000
02
#41690000
1]
1$
1>
1)
1E
b100100 *
b100100 :
b100100 F
b100100 X
b100100 ^
b10 i
12
#41700000
02
#41710000
0]
b10 \
0)
0E
b10 g
b100101010 5
b10 i
12
#41720000
02
#41730000
b10 i
12
#41740000
02
#41750000
1'
1C
b10100101010110101010010100010011 (
b10100101010110101010010100010011 ;
b10100101010110101010010100010011 D
b10100101010110101010010100010011 Q
b10100101010110101010010100010011 f
b10 i
12
#41760000
02
#41770000
0'
0C
b11 \
b10100101010110101010010100010011 Z
b100101010 4
b100101010 9
b10 i
12
#41780000
02
#41790000
1#
1=
b10011 %
b10011 <
b10011 ?
b10011 L
b10011 Y
b10 i
12
#41800000
02
#41810000
b1 O
b100101010 "
b100101010 A
b100101010 P
b10011 !
b10011 @
b10011 N
b1 \
b101000 [
0#
0=
b100101010 8
b100101010 6
b10 i
12
#41820000
02
#41830000
1]
1)
1E
b101000 *
b101000 :
b101000 F
b101000 X
b101000 ^
b10 i
12
#41840000
02
#41850000
0]
b11 g
b10 \
0)
0E
b100101011 5
b10 i
12
#41860000
02
#41870000
b10 i
12
#41880000
02
#41890000
1'
1C
b10100101010110101010010100010101 (
b10100101010110101010010100010101 ;
b10100101010110101010010100010101 D
b10100101010110101010010100010101 Q
b10100101010110101010010100010101 f
b10 i
12
#41900000
02
#41910000
b11 \
b10100101010110101010010100010101 Z
0'
0C
b100101011 4
b100101011 9
b10 i
12
#41920000
02
#41930000
1#
1=
b10101 %
b10101 <
b10101 ?
b10101 L
b10101 Y
b10 i
12
#41940000
02
#41950000
b1 \
b101100 [
0#
0=
b10 O
b100101011 "
b100101011 A
b100101011 P
b10101 !
b10101 @
b10101 N
b100101011 8
b100101011 6
b10 i
12
#41960000
02
#41970000
1]
1)
1E
b101100 *
b101100 :
b101100 F
b101100 X
b101100 ^
b10 i
12
#41980000
02
#41990000
0]
b10 \
0)
0E
b0 g
1&
1B
b100101100 5
b10 i
12
#42000000
02
#42010000
0&
0B
b10 i
12
#42020000
02
#42030000
1'
1C
b10100101010110101010010100010111 (
b10100101010110101010010100010111 ;
b10100101010110101010010100010111 D
b10100101010110101010010100010111 Q
b10100101010110101010010100010111 f
b10 i
12
#42040000
02
#42050000
0'
0C
b11 \
b10100101010110101010010100010111 Z
b100101100 4
b100101100 9
b10 i
12
#42060000
02
#42070000
1#
1=
b10111 %
b10111 <
b10111 ?
b10111 L
b10111 Y
b10 i
12
#42080000
02
#42090000
b0 O
0$
0>
b100101100 "
b100101100 A
b100101100 P
b10111 !
b10111 @
b10111 N
b1 \
b110000 [
0#
0=
b100101100 8
b100101100 6
b10 i
12
#42100000
02
#42110000
1]
1)
1E
b110000 *
b110000 :
b110000 F
b110000 X
b110000 ^
1$
1>
b10 i
12
#42120000
02
#42130000
0]
b1 g
b10 \
0)
0E
b100101101 5
b10 i
12
#42140000
02
#42150000
b10 i
12
#42160000
02
#42170000
1'
1C
b10100101010110101010010100011001 (
b10100101010110101010010100011001 ;
b10100101010110101010010100011001 D
b10100101010110101010010100011001 Q
b10100101010110101010010100011001 f
b10 i
12
#42180000
02
#42190000
b11 \
b10100101010110101010010100011001 Z
0'
0C
b100101101 4
b100101101 9
b10 i
12
#42200000
02
#42210000
1#
1=
b11001 %
b11001 <
b11001 ?
b11001 L
b11001 Y
b10 i
12
#42220000
02
#42230000
b1 \
b110100 [
0#
0=
b1 O
b100101101 "
b100101101 A
b100101101 P
b11001 !
b11001 @
b11001 N
b100101101 8
b100101101 6
b10 i
12
#42240000
02
#42250000
1]
1)
1E
b110100 *
b110100 :
b110100 F
b110100 X
b110100 ^
b10 i
12
#42260000
02
#42270000
0]
b10 \
0)
0E
b10 g
b100101110 5
b10 i
12
#42280000
02
#42290000
b10 i
12
#42300000
02
#42310000
1'
1C
b10100101010110101010010100011011 (
b10100101010110101010010100011011 ;
b10100101010110101010010100011011 D
b10100101010110101010010100011011 Q
b10100101010110101010010100011011 f
b10 i
12
#42320000
02
#42330000
0'
0C
b11 \
b10100101010110101010010100011011 Z
b100101110 4
b100101110 9
b10 i
12
#42340000
02
#42350000
1#
1=
b11011 %
b11011 <
b11011 ?
b11011 L
b11011 Y
b10 i
12
#42360000
02
#42370000
b10 O
b100101110 "
b100101110 A
b100101110 P
b11011 !
b11011 @
b11011 N
b1 \
b111000 [
0#
0=
b100101110 8
b100101110 6
b10 i
12
#42380000
02
#42390000
1]
1)
1E
b111000 *
b111000 :
b111000 F
b111000 X
b111000 ^
b10 i
12
#42400000
02
#42410000
0]
b11 g
b10 \
0)
0E
b100101111 5
b10 i
12
#42420000
02
#42430000
b10 i
12
#42440000
02
#42450000
1'
1C
b10100101010110101010010100011101 (
b10100101010110101010010100011101 ;
b10100101010110101010010100011101 D
b10100101010110101010010100011101 Q
b10100101010110101010010100011101 f
b10 i
12
#42460000
02
#42470000
b11 \
b10100101010110101010010100011101 Z
0'
0C
b100101111 4
b100101111 9
b10 i
12
#42480000
02
#42490000
1#
1=
b11101 %
b11101 <
b11101 ?
b11101 L
b11101 Y
b10 i
12
#42500000
02
#42510000
b1 \
b111100 [
0#
0=
b0 O
0$
0>
b100101111 "
b100101111 A
b100101111 P
b11101 !
b11101 @
b11101 N
b100101111 8
b100101111 6
b10 i
12
#42520000
02
#42530000
1]
1$
1>
1)
1E
b111100 *
b111100 :
b111100 F
b111100 X
b111100 ^
b10 i
12
#42540000
02
#42550000
0]
b10 \
0)
0E
b0 g
1&
1B
b100110000 5
b10 i
12
#42560000
02
#42570000
0&
0B
b10 i
12
#42580000
02
#42590000
1'
1C
b10100101010110101010010100011111 (
b10100101010110101010010100011111 ;
b10100101010110101010010100011111 D
b10100101010110101010010100011111 Q
b10100101010110101010010100011111 f
b10 i
12
#42600000
02
#42610000
0'
0C
b11 \
b10100101010110101010010100011111 Z
b100110000 4
b100110000 9
b10 i
12
#42620000
02
#42630000
1#
1=
b11111 %
b11111 <
b11111 ?
b11111 L
b11111 Y
b10 i
12
#42640000
02
#42650000
b1 O
b100110000 "
b100110000 A
b100110000 P
b11111 !
b11111 @
b11111 N
b1 \
b0 [
0#
0=
b100110000 8
b100110000 6
b10 i
12
#42660000
02
#42670000
1]
1)
1E
b0 *
b0 :
b0 F
b0 X
b0 ^
b10 i
12
#42680000
02
#42690000
0]
b1 g
b10 \
0)
0E
b100110001 5
b10 i
12
#42700000
02
#42710000
b10 i
12
#42720000
02
#42730000
1'
1C
b10100101010110101010010100000001 (
b10100101010110101010010100000001 ;
b10100101010110101010010100000001 D
b10100101010110101010010100000001 Q
b10100101010110101010010100000001 f
b10 i
12
#42740000
02
#42750000
b11 \
b10100101010110101010010100000001 Z
0'
0C
b100110001 4
b100110001 9
b10 i
12
#42760000
02
#42770000
1#
1=
b1 %
b1 <
b1 ?
b1 L
b1 Y
b10 i
12
#42780000
02
#42790000
b1 \
b100 [
0#
0=
b10 O
b100110001 "
b100110001 A
b100110001 P
b1 !
b1 @
b1 N
b100110001 8
b100110001 6
b10 i
12
#42800000
02
#42810000
1]
1)
1E
b100 *
b100 :
b100 F
b100 X
b100 ^
b10 i
12
#42820000
02
#42830000
0]
b10 \
0)
0E
b10 g
b100110010 5
b10 i
12
#42840000
02
#42850000
b10 i
12
#42860000
02
#42870000
1'
1C
b10100101010110101010010100000011 (
b10100101010110101010010100000011 ;
b10100101010110101010010100000011 D
b10100101010110101010010100000011 Q
b10100101010110101010010100000011 f
b10 i
12
#42880000
02
#42890000
0'
0C
b11 \
b10100101010110101010010100000011 Z
b100110010 4
b100110010 9
b10 i
12
#42900000
02
#42910000
1#
1=
b11 %
b11 <
b11 ?
b11 L
b11 Y
b10 i
12
#42920000
02
#42930000
b0 O
0$
0>
b100110010 "
b100110010 A
b100110010 P
b11 !
b11 @
b11 N
b1 \
b1000 [
0#
0=
b100110010 8
b100110010 6
b10 i
12
#42940000
02
#42950000
1]
1)
1E
b1000 *
b1000 :
b1000 F
b1000 X
b1000 ^
1$
1>
b10 i
12
#42960000
02
#42970000
0]
b11 g
b10 \
0)
0E
b100110011 5
b10 i
12
#42980000
02
#42990000
b10 i
12
#43000000
02
#43010000
1'
1C
b10100101010110101010010100000101 (
b10100101010110101010010100000101 ;
b10100101010110101010010100000101 D
b10100101010110101010010100000101 Q
b10100101010110101010010100000101 f
b10 i
12
#43020000
02
#43030000
b11 \
b10100101010110101010010100000101 Z
0'
0C
b100110011 4
b100110011 9
b10 i
12
#43040000
02
#43050000
1#
1=
b101 %
b101 <
b101 ?
b101 L
b101 Y
b10 i
12
#43060000
02
#43070000
b1 \
b1100 [
0#
0=
b1 O
b100110011 "
b100110011 A
b100110011 P
b101 !
b101 @
b101 N
b100110011 8
b100110011 6
b10 i
12
#43080000
02
#43090000
1]
1)
1E
b1100 *
b1100 :
b1100 F
b1100 X
b1100 ^
b10 i
12
#43100000
02
#43110000
0]
b10 \
0)
0E
b0 g
1&
1B
b100110100 5
b10 i
12
#43120000
02
#43130000
0&
0B
b10 i
12
#43140000
02
#43150000
1'
1C
b10100101010110101010010100000111 (
b10100101010110101010010100000111 ;
b10100101010110101010010100000111 D
b10100101010110101010010100000111 Q
b10100101010110101010010100000111 f
b10 i
12
#43160000
02
#43170000
0'
0C
b11 \
b10100101010110101010010100000111 Z
b100110100 4
b100110100 9
b10 i
12
#43180000
02
#43190000
1#
1=
b111 %
b111 <
b111 ?
b111 L
b111 Y
b10 i
12
#43200000
02
#43210000
b10 O
b100110100 "
b100110100 A
b100110100 P
b111 !
b111 @
b111 N
b1 \
b10000 [
0#
0=
b100110100 8
b100110100 6
b10 i
12
#43220000
02
#43230000
1]
1)
1E
b10000 *
b10000 :
b10000 F
b10000 X
b10000 ^
b10 i
12
#43240000
02
#43250000
0]
b1 g
b10 \
0)
0E
b100110101 5
b10 i
12
#43260000
02
#43270000
b10 i
12
#43280000
02
#43290000
1'
1C
b10100101010110101010010100001001 (
b10100101010110101010010100001001 ;
b10100101010110101010010100001001 D
b10100101010110101010010100001001 Q
b10100101010110101010010100001001 f
b10 i
12
#43300000
02
#43310000
b11 \
b10100101010110101010010100001001 Z
0'
0C
b100110101 4
b100110101 9
b10 i
12
#43320000
02
#43330000
1#
1=
b1001 %
b1001 <
b1001 ?
b1001 L
b1001 Y
b10 i
12
#43340000
02
#43350000
b1 \
b10100 [
0#
0=
b0 O
0$
0>
b100110101 "
b100110101 A
b100110101 P
b1001 !
b1001 @
b1001 N
b100110101 8
b100110101 6
b10 i
12
#43360000
02
#43370000
1]
1$
1>
1)
1E
b10100 *
b10100 :
b10100 F
b10100 X
b10100 ^
b10 i
12
#43380000
02
#43390000
0]
b10 \
0)
0E
b10 g
b100110110 5
b10 i
12
#43400000
02
#43410000
b10 i
12
#43420000
02
#43430000
1'
1C
b10100101010110101010010100001011 (
b10100101010110101010010100001011 ;
b10100101010110101010010100001011 D
b10100101010110101010010100001011 Q
b10100101010110101010010100001011 f
b10 i
12
#43440000
02
#43450000
0'
0C
b11 \
b10100101010110101010010100001011 Z
b100110110 4
b100110110 9
b10 i
12
#43460000
02
#43470000
1#
1=
b1011 %
b1011 <
b1011 ?
b1011 L
b1011 Y
b10 i
12
#43480000
02
#43490000
b1 O
b100110110 "
b100110110 A
b100110110 P
b1011 !
b1011 @
b1011 N
b1 \
b11000 [
0#
0=
b100110110 8
b100110110 6
b10 i
12
#43500000
02
#43510000
1]
1)
1E
b11000 *
b11000 :
b11000 F
b11000 X
b11000 ^
b10 i
12
#43520000
02
#43530000
0]
b11 g
b10 \
0)
0E
b100110111 5
b10 i
12
#43540000
02
#43550000
b10 i
12
#43560000
02
#43570000
1'
1C
b10100101010110101010010100001101 (
b10100101010110101010010100001101 ;
b10100101010110101010010100001101 D
b10100101010110101010010100001101 Q
b10100101010110101010010100001101 f
b10 i
12
#43580000
02
#43590000
b11 \
b10100101010110101010010100001101 Z
0'
0C
b100110111 4
b100110111 9
b10 i
12
#43600000
02
#43610000
1#
1=
b1101 %
b1101 <
b1101 ?
b1101 L
b1101 Y
b10 i
12
#43620000
02
#43630000
b1 \
b11100 [
0#
0=
b10 O
b100110111 "
b100110111 A
b100110111 P
b1101 !
b1101 @
b1101 N
b100110111 8
b100110111 6
b10 i
12
#43640000
02
#43650000
1]
1)
1E
b11100 *
b11100 :
b11100 F
b11100 X
b11100 ^
b10 i
12
#43660000
02
#43670000
0]
b10 \
0)
0E
b0 g
1&
1B
b100111000 5
b10 i
12
#43680000
02
#43690000
0&
0B
b10 i
12
#43700000
02
#43710000
1'
1C
b10100101010110101010010100001111 (
b10100101010110101010010100001111 ;
b10100101010110101010010100001111 D
b10100101010110101010010100001111 Q
b10100101010110101010010100001111 f
b10 i
12
#43720000
02
#43730000
0'
0C
b11 \
b10100101010110101010010100001111 Z
b100111000 4
b100111000 9
b10 i
12
#43740000
02
#43750000
1#
1=
b1111 %
b1111 <
b1111 ?
b1111 L
b1111 Y
b10 i
12
#43760000
02
#43770000
b0 O
0$
0>
b100111000 "
b100111000 A
b100111000 P
b1111 !
b1111 @
b1111 N
b1 \
b100000 [
0#
0=
b100111000 8
b100111000 6
b10 i
12
#43780000
02
#43790000
1]
1)
1E
b100000 *
b100000 :
b100000 F
b100000 X
b100000 ^
1$
1>
b10 i
12
#43800000
02
#43810000
0]
b1 g
b10 \
0)
0E
b100111001 5
b10 i
12
#43820000
02
#43830000
b10 i
12
#43840000
02
#43850000
1'
1C
b10100101010110101010010100010001 (
b10100101010110101010010100010001 ;
b10100101010110101010010100010001 D
b10100101010110101010010100010001 Q
b10100101010110101010010100010001 f
b10 i
12
#43860000
02
#43870000
b11 \
b10100101010110101010010100010001 Z
0'
0C
b100111001 4
b100111001 9
b10 i
12
#43880000
02
#43890000
1#
1=
b10001 %
b10001 <
b10001 ?
b10001 L
b10001 Y
b10 i
12
#43900000
02
#43910000
b1 \
b100100 [
0#
0=
b1 O
b100111001 "
b100111001 A
b100111001 P
b10001 !
b10001 @
b10001 N
b100111001 8
b100111001 6
b10 i
12
#43920000
02
#43930000
1]
1)
1E
b100100 *
b100100 :
b100100 F
b100100 X
b100100 ^
b10 i
12
#43940000
02
#43950000
0]
b10 \
0)
0E
b10 g
b100111010 5
b10 i
12
#43960000
02
#43970000
b10 i
12
#43980000
02
#43990000
1'
1C
b10100101010110101010010100010011 (
b10100101010110101010010100010011 ;
b10100101010110101010010100010011 D
b10100101010110101010010100010011 Q
b10100101010110101010010100010011 f
b10 i
12
#44000000
02
#44010000
0'
0C
b11 \
b10100101010110101010010100010011 Z
b100111010 4
b100111010 9
b10 i
12
#44020000
02
#44030000
1#
1=
b10011 %
b10011 <
b10011 ?
b10011 L
b10011 Y
b10 i
12
#44040000
02
#44050000
b10 O
b100111010 "
b100111010 A
b100111010 P
b10011 !
b10011 @
b10011 N
b1 \
b101000 [
0#
0=
b100111010 8
b100111010 6
b10 i
12
#44060000
02
#44070000
1]
1)
1E
b101000 *
b101000 :
b101000 F
b101000 X
b101000 ^
b10 i
12
#44080000
02
#44090000
0]
b11 g
b10 \
0)
0E
b100111011 5
b10 i
12
#44100000
02
#44110000
b10 i
12
#44120000
02
#44130000
1'
1C
b10100101010110101010010100010101 (
b10100101010110101010010100010101 ;
b10100101010110101010010100010101 D
b10100101010110101010010100010101 Q
b10100101010110101010010100010101 f
b10 i
12
#44140000
02
#44150000
b11 \
b10100101010110101010010100010101 Z
0'
0C
b100111011 4
b100111011 9
b10 i
12
#44160000
02
#44170000
1#
1=
b10101 %
b10101 <
b10101 ?
b10101 L
b10101 Y
b10 i
12
#44180000
02
#44190000
b1 \
b101100 [
0#
0=
b0 O
0$
0>
b100111011 "
b100111011 A
b100111011 P
b10101 !
b10101 @
b10101 N
b100111011 8
b100111011 6
b10 i
12
#44200000
02
#44210000
1]
1$
1>
1)
1E
b101100 *
b101100 :
b101100 F
b101100 X
b101100 ^
b10 i
12
#44220000
02
#44230000
0]
b10 \
0)
0E
b0 g
1&
1B
b100111100 5
b10 i
12
#44240000
02
#44250000
0&
0B
b10 i
12
#44260000
02
#44270000
1'
1C
b10100101010110101010010100010111 (
b10100101010110101010010100010111 ;
b10100101010110101010010100010111 D
b10100101010110101010010100010111 Q
b10100101010110101010010100010111 f
b10 i
12
#44280000
02
#44290000
0'
0C
b11 \
b10100101010110101010010100010111 Z
b100111100 4
b100111100 9
b10 i
12
#44300000
02
#44310000
1#
1=
b10111 %
b10111 <
b10111 ?
b10111 L
b10111 Y
b10 i
12
#44320000
02
#44330000
b1 O
b100111100 "
b100111100 A
b100111100 P
b10111 !
b10111 @
b10111 N
b1 \
b110000 [
0#
0=
b100111100 8
b100111100 6
b10 i
12
#44340000
02
#44350000
1]
1)
1E
b110000 *
b110000 :
b110000 F
b110000 X
b110000 ^
b10 i
12
#44360000
02
#44370000
0]
b1 g
b10 \
0)
0E
b100111101 5
b10 i
12
#44380000
02
#44390000
b10 i
12
#44400000
02
#44410000
1'
1C
b10100101010110101010010100011001 (
b10100101010110101010010100011001 ;
b10100101010110101010010100011001 D
b10100101010110101010010100011001 Q
b10100101010110101010010100011001 f
b10 i
12
#44420000
02
#44430000
b11 \
b10100101010110101010010100011001 Z
0'
0C
b100111101 4
b100111101 9
b10 i
12
#44440000
02
#44450000
1#
1=
b11001 %
b11001 <
b11001 ?
b11001 L
b11001 Y
b10 i
12
#44460000
02
#44470000
b1 \
b110100 [
0#
0=
b10 O
b100111101 "
b100111101 A
b100111101 P
b11001 !
b11001 @
b11001 N
b100111101 8
b100111101 6
b10 i
12
#44480000
02
#44490000
1]
1)
1E
b110100 *
b110100 :
b110100 F
b110100 X
b110100 ^
b10 i
12
#44500000
02
#44510000
0]
b10 \
0)
0E
b10 g
b100111110 5
b10 i
12
#44520000
02
#44530000
b10 i
12
#44540000
02
#44550000
1'
1C
b10100101010110101010010100011011 (
b10100101010110101010010100011011 ;
b10100101010110101010010100011011 D
b10100101010110101010010100011011 Q
b10100101010110101010010100011011 f
b10 i
12
#44560000
02
#44570000
0'
0C
b11 \
b10100101010110101010010100011011 Z
b100111110 4
b100111110 9
b10 i
12
#44580000
02
#44590000
1#
1=
b11011 %
b11011 <
b11011 ?
b11011 L
b11011 Y
b10 i
12
#44600000
02
#44610000
b0 O
0$
0>
b100111110 "
b100111110 A
b100111110 P
b11011 !
b11011 @
b11011 N
b1 \
b111000 [
0#
0=
b100111110 8
b100111110 6
b10 i
12
#44620000
02
#44630000
1]
1)
1E
b111000 *
b111000 :
b111000 F
b111000 X
b111000 ^
1$
1>
b10 i
12
#44640000
02
#44650000
0]
b11 g
b10 \
0)
0E
b100111111 5
b10 i
12
#44660000
02
#44670000
b10 i
12
#44680000
02
#44690000
1'
1C
b10100101010110101010010100011101 (
b10100101010110101010010100011101 ;
b10100101010110101010010100011101 D
b10100101010110101010010100011101 Q
b10100101010110101010010100011101 f
b10 i
12
#44700000
02
#44710000
b11 \
b10100101010110101010010100011101 Z
0'
0C
b100111111 4
b100111111 9
b10 i
12
#44720000
02
#44730000
1#
1=
b11101 %
b11101 <
b11101 ?
b11101 L
b11101 Y
b10 i
12
#44740000
02
#44750000
b1 \
b111100 [
0#
0=
b1 O
b100111111 "
b100111111 A
b100111111 P
b11101 !
b11101 @
b11101 N
b100111111 8
b100111111 6
b10 i
12
#44760000
02
#44770000
1]
1)
1E
b111100 *
b111100 :
b111100 F
b111100 X
b111100 ^
b10 i
12
#44780000
02
#44790000
0]
b10 \
0)
0E
b0 g
1&
1B
b101000000 5
b10 i
12
#44800000
02
#44810000
0&
0B
b10 i
12
#44820000
02
#44830000
1'
1C
b10100101010110101010010100011111 (
b10100101010110101010010100011111 ;
b10100101010110101010010100011111 D
b10100101010110101010010100011111 Q
b10100101010110101010010100011111 f
b10 i
12
#44840000
02
#44850000
0'
0C
b11 \
b10100101010110101010010100011111 Z
b101000000 4
b101000000 9
b10 i
12
#44860000
02
#44870000
1#
1=
b11111 %
b11111 <
b11111 ?
b11111 L
b11111 Y
b10 i
12
#44880000
02
#44890000
b10 O
b101000000 "
b101000000 A
b101000000 P
b11111 !
b11111 @
b11111 N
b1 \
b0 [
0#
0=
b101000000 8
b101000000 6
b10 i
12
#44900000
02
#44910000
1]
1)
1E
b0 *
b0 :
b0 F
b0 X
b0 ^
b10 i
12
#44920000
02
#44930000
0]
b1 g
b10 \
0)
0E
b101000001 5
b10 i
12
#44940000
02
#44950000
b10 i
12
#44960000
02
#44970000
1'
1C
b10100101010110101010010100000001 (
b10100101010110101010010100000001 ;
b10100101010110101010010100000001 D
b10100101010110101010010100000001 Q
b10100101010110101010010100000001 f
b10 i
12
#44980000
02
#44990000
b11 \
b10100101010110101010010100000001 Z
0'
0C
b101000001 4
b101000001 9
b10 i
12
#45000000
02
#45010000
1#
1=
b1 %
b1 <
b1 ?
b1 L
b1 Y
b10 i
12
#45020000
02
#45030000
b1 \
b100 [
0#
0=
b0 O
0$
0>
b101000001 "
b101000001 A
b101000001 P
b1 !
b1 @
b1 N
b101000001 8
b101000001 6
b10 i
12
#45040000
02
#45050000
1]
1$
1>
1)
1E
b100 *
b100 :
b100 F
b100 X
b100 ^
b10 i
12
#45060000
02
#45070000
0]
b10 \
0)
0E
b10 g
b101000010 5
b10 i
12
#45080000
02
#45090000
b10 i
12
#45100000
02
#45110000
1'
1C
b10100101010110101010010100000011 (
b10100101010110101010010100000011 ;
b10100101010110101010010100000011 D
b10100101010110101010010100000011 Q
b10100101010110101010010100000011 f
b10 i
12
#45120000
02
#45130000
0'
0C
b11 \
b10100101010110101010010100000011 Z
b101000010 4
b101000010 9
b10 i
12
#45140000
02
#45150000
1#
1=
b11 %
b11 <
b11 ?
b11 L
b11 Y
b10 i
12
#45160000
02
#45170000
b1 O
b101000010 "
b101000010 A
b101000010 P
b11 !
b11 @
b11 N
b1 \
b1000 [
0#
0=
b101000010 8
b101000010 6
b10 i
12
#45180000
02
#45190000
1]
1)
1E
b1000 *
b1000 :
b1000 F
b1000 X
b1000 ^
b10 i
12
#45200000
02
#45210000
0]
b11 g
b10 \
0)
0E
b101000011 5
b10 i
12
#45220000
02
#45230000
b10 i
12
#45240000
02
#45250000
1'
1C
b10100101010110101010010100000101 (
b10100101010110101010010100000101 ;
b10100101010110101010010100000101 D
b10100101010110101010010100000101 Q
b10100101010110101010010100000101 f
b10 i
12
#45260000
02
#45270000
b11 \
b10100101010110101010010100000101 Z
0'
0C
b101000011 4
b101000011 9
b10 i
12
#45280000
02
#45290000
1#
1=
b101 %
b101 <
b101 ?
b101 L
b101 Y
b10 i
12
#45300000
02
#45310000
b1 \
b1100 [
0#
0=
b10 O
b101000011 "
b101000011 A
b101000011 P
b101 !
b101 @
b101 N
b101000011 8
b101000011 6
b10 i
12
#45320000
02
#45330000
1]
1)
1E
b1100 *
b1100 :
b1100 F
b1100 X
b1100 ^
b10 i
12
#45340000
02
#45350000
0]
b10 \
0)
0E
b0 g
1&
1B
b101000100 5
b10 i
12
#45360000
02
#45370000
0&
0B
b10 i
12
#45380000
02
#45390000
1'
1C
b10100101010110101010010100000111 (
b10100101010110101010010100000111 ;
b10100101010110101010010100000111 D
b10100101010110101010010100000111 Q
b10100101010110101010010100000111 f
b10 i
12
#45400000
02
#45410000
0'
0C
b11 \
b10100101010110101010010100000111 Z
b101000100 4
b101000100 9
b10 i
12
#45420000
02
#45430000
1#
1=
b111 %
b111 <
b111 ?
b111 L
b111 Y
b10 i
12
#45440000
02
#45450000
b0 O
0$
0>
b101000100 "
b101000100 A
b101000100 P
b111 !
b111 @
b111 N
b1 \
b10000 [
0#
0=
b101000100 8
b101000100 6
b10 i
12
#45460000
02
#45470000
1]
1)
1E
b10000 *
b10000 :
b10000 F
b10000 X
b10000 ^
1$
1>
b10 i
12
#45480000
02
#45490000
0]
b1 g
b10 \
0)
0E
b101000101 5
b10 i
12
#45500000
02
#45510000
b10 i
12
#45520000
02
#45530000
1'
1C
b10100101010110101010010100001001 (
b10100101010110101010010100001001 ;
b10100101010110101010010100001001 D
b10100101010110101010010100001001 Q
b10100101010110101010010100001001 f
b10 i
12
#45540000
02
#45550000
b11 \
b10100101010110101010010100001001 Z
0'
0C
b101000101 4
b101000101 9
b10 i
12
#45560000
02
#45570000
1#
1=
b1001 %
b1001 <
b1001 ?
b1001 L
b1001 Y
b10 i
12
#45580000
02
#45590000
b1 \
b10100 [
0#
0=
b1 O
b101000101 "
b101000101 A
b101000101 P
b1001 !
b1001 @
b1001 N
b101000101 8
b101000101 6
b10 i
12
#45600000
02
#45610000
1]
1)
1E
b10100 *
b10100 :
b10100 F
b10100 X
b10100 ^
b10 i
12
#45620000
02
#45630000
0]
b10 \
0)
0E
b10 g
b101000110 5
b10 i
12
#45640000
02
#45650000
b10 i
12
#45660000
02
#45670000
1'
1C
b10100101010110101010010100001011 (
b10100101010110101010010100001011 ;
b10100101010110101010010100001011 D
b10100101010110101010010100001011 Q
b10100101010110101010010100001011 f
b10 i
12
#45680000
02
#45690000
0'
0C
b11 \
b10100101010110101010010100001011 Z
b101000110 4
b101000110 9
b10 i
12
#45700000
02
#45710000
1#
1=
b1011 %
b1011 <
b1011 ?
b1011 L
b1011 Y
b10 i
12
#45720000
02
#45730000
b10 O
b101000110 "
b101000110 A
b101000110 P
b1011 !
b1011 @
b1011 N
b1 \
b11000 [
0#
0=
b101000110 8
b101000110 6
b10 i
12
#45740000
02
#45750000
1]
1)
1E
b11000 *
b11000 :
b11000 F
b11000 X
b11000 ^
b10 i
12
#45760000
02
#45770000
0]
b11 g
b10 \
0)
0E
b101000111 5
b10 i
12
#45780000
02
#45790000
b10 i
12
#45800000
02
#45810000
1'
1C
b10100101010110101010010100001101 (
b10100101010110101010010100001101 ;
b10100101010110101010010100001101 D
b10100101010110101010010100001101 Q
b10100101010110101010010100001101 f
b10 i
12
#45820000
02
#45830000
b11 \
b10100101010110101010010100001101 Z
0'
0C
b101000111 4
b101000111 9
b10 i
12
#45840000
02
#45850000
1#
1=
b1101 %
b1101 <
b1101 ?
b1101 L
b1101 Y
b10 i
12
#45860000
02
#45870000
b1 \
b11100 [
0#
0=
b0 O
0$
0>
b101000111 "
b101000111 A
b101000111 P
b1101 !
b1101 @
b1101 N
b101000111 8
b101000111 6
b10 i
12
#45880000
02
#45890000
1]
1$
1>
1)
1E
b11100 *
b11100 :
b11100 F
b11100 X
b11100 ^
b10 i
12
#45900000
02
#45910000
0]
b10 \
0)
0E
b0 g
1&
1B
b101001000 5
b10 i
12
#45920000
02
#45930000
0&
0B
b10 i
12
#45940000
02
#45950000
1'
1C
b10100101010110101010010100001111 (
b10100101010110101010010100001111 ;
b10100101010110101010010100001111 D
b10100101010110101010010100001111 Q
b10100101010110101010010100001111 f
b10 i
12
#45960000
02
#45970000
0'
0C
b11 \
b10100101010110101010010100001111 Z
b101001000 4
b101001000 9
b10 i
12
#45980000
02
#45990000
1#
1=
b1111 %
b1111 <
b1111 ?
b1111 L
b1111 Y
b10 i
12
#46000000
02
#46010000
b1 O
b101001000 "
b101001000 A
b101001000 P
b1111 !
b1111 @
b1111 N
b1 \
b100000 [
0#
0=
b101001000 8
b101001000 6
b10 i
12
#46020000
02
#46030000
1]
1)
1E
b100000 *
b100000 :
b100000 F
b100000 X
b100000 ^
b10 i
12
#46040000
02
#46050000
0]
b1 g
b10 \
0)
0E
b101001001 5
b10 i
12
#46060000
02
#46070000
b10 i
12
#46080000
02
#46090000
1'
1C
b10100101010110101010010100010001 (
b10100101010110101010010100010001 ;
b10100101010110101010010100010001 D
b10100101010110101010010100010001 Q
b10100101010110101010010100010001 f
b10 i
12
#46100000
02
#46110000
b11 \
b10100101010110101010010100010001 Z
0'
0C
b101001001 4
b101001001 9
b10 i
12
#46120000
02
#46130000
1#
1=
b10001 %
b10001 <
b10001 ?
b10001 L
b10001 Y
b10 i
12
#46140000
02
#46150000
b1 \
b100100 [
0#
0=
b10 O
b101001001 "
b101001001 A
b101001001 P
b10001 !
b10001 @
b10001 N
b101001001 8
b101001001 6
b10 i
12
#46160000
02
#46170000
1]
1)
1E
b100100 *
b100100 :
b100100 F
b100100 X
b100100 ^
b10 i
12
#46180000
02
#46190000
0]
b10 \
0)
0E
b10 g
b101001010 5
b10 i
12
#46200000
02
#46210000
b10 i
12
#46220000
02
#46230000
1'
1C
b10100101010110101010010100010011 (
b10100101010110101010010100010011 ;
b10100101010110101010010100010011 D
b10100101010110101010010100010011 Q
b10100101010110101010010100010011 f
b10 i
12
#46240000
02
#46250000
0'
0C
b11 \
b10100101010110101010010100010011 Z
b101001010 4
b101001010 9
b10 i
12
#46260000
02
#46270000
1#
1=
b10011 %
b10011 <
b10011 ?
b10011 L
b10011 Y
b10 i
12
#46280000
02
#46290000
b0 O
0$
0>
b101001010 "
b101001010 A
b101001010 P
b10011 !
b10011 @
b10011 N
b1 \
b101000 [
0#
0=
b101001010 8
b101001010 6
b10 i
12
#46300000
02
#46310000
1]
1)
1E
b101000 *
b101000 :
b101000 F
b101000 X
b101000 ^
1$
1>
b10 i
12
#46320000
02
#46330000
0]
b11 g
b10 \
0)
0E
b101001011 5
b10 i
12
#46340000
02
#46350000
b10 i
12
#46360000
02
#46370000
1'
1C
b10100101010110101010010100010101 (
b10100101010110101010010100010101 ;
b10100101010110101010010100010101 D
b10100101010110101010010100010101 Q
b10100101010110101010010100010101 f
b10 i
12
#46380000
02
#46390000
b11 \
b10100101010110101010010100010101 Z
0'
0C
b101001011 4
b101001011 9
b10 i
12
#46400000
02
#46410000
1#
1=
b10101 %
b10101 <
b10101 ?
b10101 L
b10101 Y
b10 i
12
#46420000
02
#46430000
b1 \
b101100 [
0#
0=
b1 O
b101001011 "
b101001011 A
b101001011 P
b10101 !
b10101 @
b10101 N
b101001011 8
b101001011 6
b10 i
12
#46440000
02
#46450000
1]
1)
1E
b101100 *
b101100 :
b101100 F
b101100 X
b101100 ^
b10 i
12
#46460000
02
#46470000
0]
b10 \
0)
0E
b0 g
1&
1B
b101001100 5
b10 i
12
#46480000
02
#46490000
0&
0B
b10 i
12
#46500000
02
#46510000
1'
1C
b10100101010110101010010100010111 (
b10100101010110101010010100010111 ;
b10100101010110101010010100010111 D
b10100101010110101010010100010111 Q
b10100101010110101010010100010111 f
b10 i
12
#46520000
02
#46530000
0'
0C
b11 \
b10100101010110101010010100010111 Z
b101001100 4
b101001100 9
b10 i
12
#46540000
02
#46550000
1#
1=
b10111 %
b10111 <
b10111 ?
b10111 L
b10111 Y
b10 i
12
#46560000
02
#46570000
b10 O
b101001100 "
b101001100 A
b101001100 P
b10111 !
b10111 @
b10111 N
b1 \
b110000 [
0#
0=
b101001100 8
b101001100 6
b10 i
12
#46580000
02
#46590000
1]
1)
1E
b110000 *
b110000 :
b110000 F
b110000 X
b110000 ^
b10 i
12
#46600000
02
#46610000
0]
b1 g
b10 \
0)
0E
b101001101 5
b10 i
12
#46620000
02
#46630000
b10 i
12
#46640000
02
#46650000
1'
1C
b10100101010110101010010100011001 (
b10100101010110101010010100011001 ;
b10100101010110101010010100011001 D
b10100101010110101010010100011001 Q
b10100101010110101010010100011001 f
b10 i
12
#46660000
02
#46670000
b11 \
b10100101010110101010010100011001 Z
0'
0C
b101001101 4
b101001101 9
b10 i
12
#46680000
02
#46690000
1#
1=
b11001 %
b11001 <
b11001 ?
b11001 L
b11001 Y
b10 i
12
#46700000
02
#46710000
b1 \
b110100 [
0#
0=
b0 O
0$
0>
b101001101 "
b101001101 A
b101001101 P
b11001 !
b11001 @
b11001 N
b101001101 8
b101001101 6
b10 i
12
#46720000
02
#46730000
1]
1$
1>
1)
1E
b110100 *
b110100 :
b110100 F
b110100 X
b110100 ^
b10 i
12
#46740000
02
#46750000
0]
b10 \
0)
0E
b10 g
b101001110 5
b10 i
12
#46760000
02
#46770000
b10 i
12
#46780000
02
#46790000
1'
1C
b10100101010110101010010100011011 (
b10100101010110101010010100011011 ;
b10100101010110101010010100011011 D
b10100101010110101010010100011011 Q
b10100101010110101010010100011011 f
b10 i
12
#46800000
02
#46810000
0'
0C
b11 \
b10100101010110101010010100011011 Z
b101001110 4
b101001110 9
b10 i
12
#46820000
02
#46830000
1#
1=
b11011 %
b11011 <
b11011 ?
b11011 L
b11011 Y
b10 i
12
#46840000
02
#46850000
b1 O
b101001110 "
b101001110 A
b101001110 P
b11011 !
b11011 @
b11011 N
b1 \
b111000 [
0#
0=
b101001110 8
b101001110 6
b10 i
12
#46860000
02
#46870000
1]
1)
1E
b111000 *
b111000 :
b111000 F
b111000 X
b111000 ^
b10 i
12
#46880000
02
#46890000
0]
b11 g
b10 \
0)
0E
b101001111 5
b10 i
12
#46900000
02
#46910000
b10 i
12
#46920000
02
#46930000
1'
1C
b10100101010110101010010100011101 (
b10100101010110101010010100011101 ;
b10100101010110101010010100011101 D
b10100101010110101010010100011101 Q
b10100101010110101010010100011101 f
b10 i
12
#46940000
02
#46950000
b11 \
b10100101010110101010010100011101 Z
0'
0C
b101001111 4
b101001111 9
b10 i
12
#46960000
02
#46970000
1#
1=
b11101 %
b11101 <
b11101 ?
b11101 L
b11101 Y
b10 i
12
#46980000
02
#46990000
b1 \
b111100 [
0#
0=
b10 O
b101001111 "
b101001111 A
b101001111 P
b11101 !
b11101 @
b11101 N
b101001111 8
b101001111 6
b10 i
12
#47000000
02
#47010000
1]
1)
1E
b111100 *
b111100 :
b111100 F
b111100 X
b111100 ^
b10 i
12
#47020000
02
#47030000
0]
b10 \
0)
0E
b0 g
1&
1B
b101010000 5
b10 i
12
#47040000
02
#47050000
0&
0B
b10 i
12
#47060000
02
#47070000
1'
1C
b10100101010110101010010100011111 (
b10100101010110101010010100011111 ;
b10100101010110101010010100011111 D
b10100101010110101010010100011111 Q
b10100101010110101010010100011111 f
b10 i
12
#47080000
02
#47090000
0'
0C
b11 \
b10100101010110101010010100011111 Z
b101010000 4
b101010000 9
b10 i
12
#47100000
02
#47110000
1#
1=
b11111 %
b11111 <
b11111 ?
b11111 L
b11111 Y
b10 i
12
#47120000
02
#47130000
b0 O
0$
0>
b101010000 "
b101010000 A
b101010000 P
b11111 !
b11111 @
b11111 N
b1 \
b0 [
0#
0=
b101010000 8
b101010000 6
b10 i
12
#47140000
02
#47150000
1]
1)
1E
b0 *
b0 :
b0 F
b0 X
b0 ^
1$
1>
b10 i
12
#47160000
02
#47170000
0]
b1 g
b10 \
0)
0E
b101010001 5
b10 i
12
#47180000
02
#47190000
b10 i
12
#47200000
02
#47210000
1'
1C
b10100101010110101010010100000001 (
b10100101010110101010010100000001 ;
b10100101010110101010010100000001 D
b10100101010110101010010100000001 Q
b10100101010110101010010100000001 f
b10 i
12
#47220000
02
#47230000
b11 \
b10100101010110101010010100000001 Z
0'
0C
b101010001 4
b101010001 9
b10 i
12
#47240000
02
#47250000
1#
1=
b1 %
b1 <
b1 ?
b1 L
b1 Y
b10 i
12
#47260000
02
#47270000
b1 \
b100 [
0#
0=
b1 O
b101010001 "
b101010001 A
b101010001 P
b1 !
b1 @
b1 N
b101010001 8
b101010001 6
b10 i
12
#47280000
02
#47290000
1]
1)
1E
b100 *
b100 :
b100 F
b100 X
b100 ^
b10 i
12
#47300000
02
#47310000
0]
b10 \
0)
0E
b10 g
b101010010 5
b10 i
12
#47320000
02
#47330000
b10 i
12
#47340000
02
#47350000
1'
1C
b10100101010110101010010100000011 (
b10100101010110101010010100000011 ;
b10100101010110101010010100000011 D
b10100101010110101010010100000011 Q
b10100101010110101010010100000011 f
b10 i
12
#47360000
02
#47370000
0'
0C
b11 \
b10100101010110101010010100000011 Z
b101010010 4
b101010010 9
b10 i
12
#47380000
02
#47390000
1#
1=
b11 %
b11 <
b11 ?
b11 L
b11 Y
b10 i
12
#47400000
02
#47410000
b10 O
b101010010 "
b101010010 A
b101010010 P
b11 !
b11 @
b11 N
b1 \
b1000 [
0#
0=
b101010010 8
b101010010 6
b10 i
12
#47420000
02
#47430000
1]
1)
1E
b1000 *
b1000 :
b1000 F
b1000 X
b1000 ^
b10 i
12
#47440000
02
#47450000
0]
b11 g
b10 \
0)
0E
b101010011 5
b10 i
12
#47460000
02
#47470000
b10 i
12
#47480000
02
#47490000
1'
1C
b10100101010110101010010100000101 (
b10100101010110101010010100000101 ;
b10100101010110101010010100000101 D
b10100101010110101010010100000101 Q
b10100101010110101010010100000101 f
b10 i
12
#47500000
02
#47510000
b11 \
b10100101010110101010010100000101 Z
0'
0C
b101010011 4
b101010011 9
b10 i
12
#47520000
02
#47530000
1#
1=
b101 %
b101 <
b101 ?
b101 L
b101 Y
b10 i
12
#47540000
02
#47550000
b1 \
b1100 [
0#
0=
b0 O
0$
0>
b101010011 "
b101010011 A
b101010011 P
b101 !
b101 @
b101 N
b101010011 8
b101010011 6
b10 i
12
#47560000
02
#47570000
1]
1$
1>
1)
1E
b1100 *
b1100 :
b1100 F
b1100 X
b1100 ^
b10 i
12
#47580000
02
#47590000
0]
b10 \
0)
0E
b0 g
1&
1B
b101010100 5
b10 i
12
#47600000
02
#47610000
0&
0B
b10 i
12
#47620000
02
#47630000
1'
1C
b10100101010110101010010100000111 (
b10100101010110101010010100000111 ;
b10100101010110101010010100000111 D
b10100101010110101010010100000111 Q
b10100101010110101010010100000111 f
b10 i
12
#47640000
02
#47650000
0'
0C
b11 \
b10100101010110101010010100000111 Z
b101010100 4
b101010100 9
b10 i
12
#47660000
02
#47670000
1#
1=
b111 %
b111 <
b111 ?
b111 L
b111 Y
b10 i
12
#47680000
02
#47690000
b1 O
b101010100 "
b101010100 A
b101010100 P
b111 !
b111 @
b111 N
b1 \
b10000 [
0#
0=
b101010100 8
b101010100 6
b10 i
12
#47700000
02
#47710000
1]
1)
1E
b10000 *
b10000 :
b10000 F
b10000 X
b10000 ^
b10 i
12
#47720000
02
#47730000
0]
b1 g
b10 \
0)
0E
b101010101 5
b10 i
12
#47740000
02
#47750000
b10 i
12
#47760000
02
#47770000
1'
1C
b10100101010110101010010100001001 (
b10100101010110101010010100001001 ;
b10100101010110101010010100001001 D
b10100101010110101010010100001001 Q
b10100101010110101010010100001001 f
b10 i
12
#47780000
02
#47790000
b11 \
b10100101010110101010010100001001 Z
0'
0C
b101010101 4
b101010101 9
b10 i
12
#47800000
02
#47810000
1#
1=
b1001 %
b1001 <
b1001 ?
b1001 L
b1001 Y
b10 i
12
#47820000
02
#47830000
b1 \
b10100 [
0#
0=
b10 O
b101010101 "
b101010101 A
b101010101 P
b1001 !
b1001 @
b1001 N
b101010101 8
b101010101 6
b10 i
12
#47840000
02
#47850000
1]
1)
1E
b10100 *
b10100 :
b10100 F
b10100 X
b10100 ^
b10 i
12
#47860000
02
#47870000
0]
b10 \
0)
0E
b10 g
b101010110 5
b10 i
12
#47880000
02
#47890000
b10 i
12
#47900000
02
#47910000
1'
1C
b10100101010110101010010100001011 (
b10100101010110101010010100001011 ;
b10100101010110101010010100001011 D
b10100101010110101010010100001011 Q
b10100101010110101010010100001011 f
b10 i
12
#47920000
02
#47930000
0'
0C
b11 \
b10100101010110101010010100001011 Z
b101010110 4
b101010110 9
b10 i
12
#47940000
02
#47950000
1#
1=
b1011 %
b1011 <
b1011 ?
b1011 L
b1011 Y
b10 i
12
#47960000
02
#47970000
b0 O
0$
0>
b101010110 "
b101010110 A
b101010110 P
b1011 !
b1011 @
b1011 N
b1 \
b11000 [
0#
0=
b101010110 8
b101010110 6
b10 i
12
#47980000
02
#47990000
1]
1)
1E
b11000 *
b11000 :
b11000 F
b11000 X
b11000 ^
1$
1>
b10 i
12
#48000000
02
#48010000
0]
b11 g
b10 \
0)
0E
b101010111 5
b10 i
12
#48020000
02
#48030000
b10 i
12
#48040000
02
#48050000
1'
1C
b10100101010110101010010100001101 (
b10100101010110101010010100001101 ;
b10100101010110101010010100001101 D
b10100101010110101010010100001101 Q
b10100101010110101010010100001101 f
b10 i
12
#48060000
02
#48070000
b11 \
b10100101010110101010010100001101 Z
0'
0C
b101010111 4
b101010111 9
b10 i
12
#48080000
02
#48090000
1#
1=
b1101 %
b1101 <
b1101 ?
b1101 L
b1101 Y
b10 i
12
#48100000
02
#48110000
b1 \
b11100 [
0#
0=
b1 O
b101010111 "
b101010111 A
b101010111 P
b1101 !
b1101 @
b1101 N
b101010111 8
b101010111 6
b10 i
12
#48120000
02
#48130000
1]
1)
1E
b11100 *
b11100 :
b11100 F
b11100 X
b11100 ^
b10 i
12
#48140000
02
#48150000
0]
b10 \
0)
0E
b0 g
1&
1B
b101011000 5
b10 i
12
#48160000
02
#48170000
0&
0B
b10 i
12
#48180000
02
#48190000
1'
1C
b10100101010110101010010100001111 (
b10100101010110101010010100001111 ;
b10100101010110101010010100001111 D
b10100101010110101010010100001111 Q
b10100101010110101010010100001111 f
b10 i
12
#48200000
02
#48210000
0'
0C
b11 \
b10100101010110101010010100001111 Z
b101011000 4
b101011000 9
b10 i
12
#48220000
02
#48230000
1#
1=
b1111 %
b1111 <
b1111 ?
b1111 L
b1111 Y
b10 i
12
#48240000
02
#48250000
b10 O
b101011000 "
b101011000 A
b101011000 P
b1111 !
b1111 @
b1111 N
b1 \
b100000 [
0#
0=
b101011000 8
b101011000 6
b10 i
12
#48260000
02
#48270000
1]
1)
1E
b100000 *
b100000 :
b100000 F
b100000 X
b100000 ^
b10 i
12
#48280000
02
#48290000
0]
b1 g
b10 \
0)
0E
b101011001 5
b10 i
12
#48300000
02
#48310000
b10 i
12
#48320000
02
#48330000
1'
1C
b10100101010110101010010100010001 (
b10100101010110101010010100010001 ;
b10100101010110101010010100010001 D
b10100101010110101010010100010001 Q
b10100101010110101010010100010001 f
b10 i
12
#48340000
02
#48350000
b11 \
b10100101010110101010010100010001 Z
0'
0C
b101011001 4
b101011001 9
b10 i
12
#48360000
02
#48370000
1#
1=
b10001 %
b10001 <
b10001 ?
b10001 L
b10001 Y
b10 i
12
#48380000
02
#48390000
b1 \
b100100 [
0#
0=
b0 O
0$
0>
b101011001 "
b101011001 A
b101011001 P
b10001 !
b10001 @
b10001 N
b101011001 8
b101011001 6
b10 i
12
#48400000
02
#48410000
1]
1$
1>
1)
1E
b100100 *
b100100 :
b100100 F
b100100 X
b100100 ^
b10 i
12
#48420000
02
#48430000
0]
b10 \
0)
0E
b10 g
b101011010 5
b10 i
12
#48440000
02
#48450000
b10 i
12
#48460000
02
#48470000
1'
1C
b10100101010110101010010100010011 (
b10100101010110101010010100010011 ;
b10100101010110101010010100010011 D
b10100101010110101010010100010011 Q
b10100101010110101010010100010011 f
b10 i
12
#48480000
02
#48490000
0'
0C
b11 \
b10100101010110101010010100010011 Z
b101011010 4
b101011010 9
b10 i
12
#48500000
02
#48510000
1#
1=
b10011 %
b10011 <
b10011 ?
b10011 L
b10011 Y
b10 i
12
#48520000
02
#48530000
b1 O
b101011010 "
b101011010 A
b101011010 P
b10011 !
b10011 @
b10011 N
b1 \
b101000 [
0#
0=
b101011010 8
b101011010 6
b10 i
12
#48540000
02
#48550000
1]
1)
1E
b101000 *
b101000 :
b101000 F
b101000 X
b101000 ^
b10 i
12
#48560000
02
#48570000
0]
b11 g
b10 \
0)
0E
b101011011 5
b10 i
12
#48580000
02
#48590000
b10 i
12
#48600000
02
#48610000
1'
1C
b10100101010110101010010100010101 (
b10100101010110101010010100010101 ;
b10100101010110101010010100010101 D
b10100101010110101010010100010101 Q
b10100101010110101010010100010101 f
b10 i
12
#48620000
02
#48630000
b11 \
b10100101010110101010010100010101 Z
0'
0C
b101011011 4
b101011011 9
b10 i
12
#48640000
02
#48650000
1#
1=
b10101 %
b10101 <
b10101 ?
b10101 L
b10101 Y
b10 i
12
#48660000
02
#48670000
b1 \
b101100 [
0#
0=
b10 O
b101011011 "
b101011011 A
b101011011 P
b10101 !
b10101 @
b10101 N
b101011011 8
b101011011 6
b10 i
12
#48680000
02
#48690000
1]
1)
1E
b101100 *
b101100 :
b101100 F
b101100 X
b101100 ^
b10 i
12
#48700000
02
#48710000
0]
b10 \
0)
0E
b0 g
1&
1B
b101011100 5
b10 i
12
#48720000
02
#48730000
0&
0B
b10 i
12
#48740000
02
#48750000
1'
1C
b10100101010110101010010100010111 (
b10100101010110101010010100010111 ;
b10100101010110101010010100010111 D
b10100101010110101010010100010111 Q
b10100101010110101010010100010111 f
b10 i
12
#48760000
02
#48770000
0'
0C
b11 \
b10100101010110101010010100010111 Z
b101011100 4
b101011100 9
b10 i
12
#48780000
02
#48790000
1#
1=
b10111 %
b10111 <
b10111 ?
b10111 L
b10111 Y
b10 i
12
#48800000
02
#48810000
b0 O
0$
0>
b101011100 "
b101011100 A
b101011100 P
b10111 !
b10111 @
b10111 N
b1 \
b110000 [
0#
0=
b101011100 8
b101011100 6
b10 i
12
#48820000
02
#48830000
1]
1)
1E
b110000 *
b110000 :
b110000 F
b110000 X
b110000 ^
1$
1>
b10 i
12
#48840000
02
#48850000
0]
b1 g
b10 \
0)
0E
b101011101 5
b10 i
12
#48860000
02
#48870000
b10 i
12
#48880000
02
#48890000
1'
1C
b10100101010110101010010100011001 (
b10100101010110101010010100011001 ;
b10100101010110101010010100011001 D
b10100101010110101010010100011001 Q
b10100101010110101010010100011001 f
b10 i
12
#48900000
02
#48910000
b11 \
b10100101010110101010010100011001 Z
0'
0C
b101011101 4
b101011101 9
b10 i
12
#48920000
02
#48930000
1#
1=
b11001 %
b11001 <
b11001 ?
b11001 L
b11001 Y
b10 i
12
#48940000
02
#48950000
b1 \
b110100 [
0#
0=
b1 O
b101011101 "
b101011101 A
b101011101 P
b11001 !
b11001 @
b11001 N
b101011101 8
b101011101 6
b10 i
12
#48960000
02
#48970000
1]
1)
1E
b110100 *
b110100 :
b110100 F
b110100 X
b110100 ^
b10 i
12
#48980000
02
#48990000
0]
b10 \
0)
0E
b10 g
b101011110 5
b10 i
12
#49000000
02
#49010000
b10 i
12
#49020000
02
#49030000
1'
1C
b10100101010110101010010100011011 (
b10100101010110101010010100011011 ;
b10100101010110101010010100011011 D
b10100101010110101010010100011011 Q
b10100101010110101010010100011011 f
b10 i
12
#49040000
02
#49050000
0'
0C
b11 \
b10100101010110101010010100011011 Z
b101011110 4
b101011110 9
b10 i
12
#49060000
02
#49070000
1#
1=
b11011 %
b11011 <
b11011 ?
b11011 L
b11011 Y
b10 i
12
#49080000
02
#49090000
b10 O
b101011110 "
b101011110 A
b101011110 P
b11011 !
b11011 @
b11011 N
b1 \
b111000 [
0#
0=
b101011110 8
b101011110 6
b10 i
12
#49100000
02
#49110000
1]
1)
1E
b111000 *
b111000 :
b111000 F
b111000 X
b111000 ^
b10 i
12
#49120000
02
#49130000
0]
b11 g
b10 \
0)
0E
b101011111 5
b10 i
12
#49140000
02
#49150000
b10 i
12
#49160000
02
#49170000
1'
1C
b10100101010110101010010100011101 (
b10100101010110101010010100011101 ;
b10100101010110101010010100011101 D
b10100101010110101010010100011101 Q
b10100101010110101010010100011101 f
b10 i
12
#49180000
02
#49190000
b11 \
b10100101010110101010010100011101 Z
0'
0C
b101011111 4
b101011111 9
b10 i
12
#49200000
02
#49210000
1#
1=
b11101 %
b11101 <
b11101 ?
b11101 L
b11101 Y
b10 i
12
#49220000
02
#49230000
b1 \
b111100 [
0#
0=
b0 O
0$
0>
b101011111 "
b101011111 A
b101011111 P
b11101 !
b11101 @
b11101 N
b101011111 8
b101011111 6
b10 i
12
#49240000
02
#49250000
1]
1$
1>
1)
1E
b111100 *
b111100 :
b111100 F
b111100 X
b111100 ^
b10 i
12
#49260000
02
#49270000
0]
b10 \
0)
0E
b0 g
1&
1B
b101100000 5
b10 i
12
#49280000
02
#49290000
0&
0B
b10 i
12
#49300000
02
#49310000
1'
1C
b10100101010110101010010100011111 (
b10100101010110101010010100011111 ;
b10100101010110101010010100011111 D
b10100101010110101010010100011111 Q
b10100101010110101010010100011111 f
b10 i
12
#49320000
02
#49330000
0'
0C
b11 \
b10100101010110101010010100011111 Z
b101100000 4
b101100000 9
b10 i
12
#49340000
02
#49350000
1#
1=
b11111 %
b11111 <
b11111 ?
b11111 L
b11111 Y
b10 i
12
#49360000
02
#49370000
b1 O
b101100000 "
b101100000 A
b101100000 P
b11111 !
b11111 @
b11111 N
b1 \
b0 [
0#
0=
b101100000 8
b101100000 6
b10 i
12
#49380000
02
#49390000
1]
1)
1E
b0 *
b0 :
b0 F
b0 X
b0 ^
b10 i
12
#49400000
02
#49410000
0]
b1 g
b10 \
0)
0E
b101100001 5
b10 i
12
#49420000
02
#49430000
b10 i
12
#49440000
02
#49450000
1'
1C
b10100101010110101010010100000001 (
b10100101010110101010010100000001 ;
b10100101010110101010010100000001 D
b10100101010110101010010100000001 Q
b10100101010110101010010100000001 f
b10 i
12
#49460000
02
#49470000
b11 \
b10100101010110101010010100000001 Z
0'
0C
b101100001 4
b101100001 9
b10 i
12
#49480000
02
#49490000
1#
1=
b1 %
b1 <
b1 ?
b1 L
b1 Y
b10 i
12
#49500000
02
#49510000
b1 \
b100 [
0#
0=
b10 O
b101100001 "
b101100001 A
b101100001 P
b1 !
b1 @
b1 N
b101100001 8
b101100001 6
b10 i
12
#49520000
02
#49530000
1]
1)
1E
b100 *
b100 :
b100 F
b100 X
b100 ^
b10 i
12
#49540000
02
#49550000
0]
b10 \
0)
0E
b10 g
b101100010 5
b10 i
12
#49560000
02
#49570000
b10 i
12
#49580000
02
#49590000
1'
1C
b10100101010110101010010100000011 (
b10100101010110101010010100000011 ;
b10100101010110101010010100000011 D
b10100101010110101010010100000011 Q
b10100101010110101010010100000011 f
b10 i
12
#49600000
02
#49610000
0'
0C
b11 \
b10100101010110101010010100000011 Z
b101100010 4
b101100010 9
b10 i
12
#49620000
02
#49630000
1#
1=
b11 %
b11 <
b11 ?
b11 L
b11 Y
b10 i
12
#49640000
02
#49650000
b0 O
0$
0>
b101100010 "
b101100010 A
b101100010 P
b11 !
b11 @
b11 N
b1 \
b1000 [
0#
0=
b101100010 8
b101100010 6
b10 i
12
#49660000
02
#49670000
1]
1)
1E
b1000 *
b1000 :
b1000 F
b1000 X
b1000 ^
1$
1>
b10 i
12
#49680000
02
#49690000
0]
b11 g
b10 \
0)
0E
b101100011 5
b10 i
12
#49700000
02
#49710000
b10 i
12
#49720000
02
#49730000
1'
1C
b10100101010110101010010100000101 (
b10100101010110101010010100000101 ;
b10100101010110101010010100000101 D
b10100101010110101010010100000101 Q
b10100101010110101010010100000101 f
b10 i
12
#49740000
02
#49750000
b11 \
b10100101010110101010010100000101 Z
0'
0C
b101100011 4
b101100011 9
b10 i
12
#49760000
02
#49770000
1#
1=
b101 %
b101 <
b101 ?
b101 L
b101 Y
b10 i
12
#49780000
02
#49790000
b1 \
b1100 [
0#
0=
b1 O
b101100011 "
b101100011 A
b101100011 P
b101 !
b101 @
b101 N
b101100011 8
b101100011 6
b10 i
12
#49800000
02
#49810000
1]
1)
1E
b1100 *
b1100 :
b1100 F
b1100 X
b1100 ^
b10 i
12
#49820000
02
#49830000
0]
b10 \
0)
0E
b0 g
1&
1B
b101100100 5
b10 i
12
#49840000
02
#49850000
0&
0B
b10 i
12
#49860000
02
#49870000
1'
1C
b10100101010110101010010100000111 (
b10100101010110101010010100000111 ;
b10100101010110101010010100000111 D
b10100101010110101010010100000111 Q
b10100101010110101010010100000111 f
b10 i
12
#49880000
02
#49890000
0'
0C
b11 \
b10100101010110101010010100000111 Z
b101100100 4
b101100100 9
b10 i
12
#49900000
02
#49910000
1#
1=
b111 %
b111 <
b111 ?
b111 L
b111 Y
b10 i
12
#49920000
02
#49930000
b10 O
b101100100 "
b101100100 A
b101100100 P
b111 !
b111 @
b111 N
b1 \
b10000 [
0#
0=
b101100100 8
b101100100 6
b10 i
12
#49940000
02
#49950000
1]
1)
1E
b10000 *
b10000 :
b10000 F
b10000 X
b10000 ^
b10 i
12
#49960000
02
#49970000
0]
b1 g
b10 \
0)
0E
b101100101 5
b10 i
12
#49980000
02
#49990000
b10 i
12
#50000000
02
#50010000
1'
1C
b10100101010110101010010100001001 (
b10100101010110101010010100001001 ;
b10100101010110101010010100001001 D
b10100101010110101010010100001001 Q
b10100101010110101010010100001001 f
b10 i
12
#50020000
02
#50030000
b11 \
b10100101010110101010010100001001 Z
0'
0C
b101100101 4
b101100101 9
b10 i
12
#50040000
02
#50050000
1#
1=
b1001 %
b1001 <
b1001 ?
b1001 L
b1001 Y
b10 i
12
#50060000
02
#50070000
b1 \
b10100 [
0#
0=
b0 O
0$
0>
b101100101 "
b101100101 A
b101100101 P
b1001 !
b1001 @
b1001 N
b101100101 8
b101100101 6
b10 i
12
#50080000
02
#50090000
1]
1$
1>
1)
1E
b10100 *
b10100 :
b10100 F
b10100 X
b10100 ^
b10 i
12
